bucket_ts,service,endpoint,req_count,error_count,avg_latency_ms,p95_latency_ms,error_rate
2026-01-06T18:41:00,auth,/login,2,0,74.5,87.55,0.0
2026-01-06T18:41:00,auth,/logout,1,0,38.0,38.0,0.0
2026-01-06T18:41:00,catalog,/item/{id},2,0,48.0,48.0,0.0
2026-01-06T18:41:00,payments,/refund,1,0,134.0,134.0,0.0
2026-01-06T18:42:00,payments,/status,6,0,85.33333333333333,92.75,0.0
2026-01-06T18:42:00,payments,/refund,6,0,202.0,239.0,0.0
2026-01-06T18:42:00,payments,/pay,4,0,303.0,362.85,0.0
2026-01-06T18:42:00,checkout,/checkout,8,0,176.75,231.79999999999998,0.0
2026-01-06T18:42:00,checkout,/cart/add,3,0,106.66666666666667,157.7,0.0
2026-01-06T18:42:00,checkout,/cart,10,0,113.5,143.04999999999998,0.0
2026-01-06T18:42:00,catalog,/items,7,1,76.28571428571429,104.09999999999998,0.14285714285714285
2026-01-06T18:42:00,catalog,/item/{id},11,0,58.63636363636363,77.0,0.0
2026-01-06T18:42:00,auth,/verify,3,0,34.666666666666664,47.1,0.0
2026-01-06T18:42:00,auth,/logout,8,0,47.125,58.3,0.0
2026-01-06T18:42:00,auth,/login,8,0,69.5,95.1,0.0
2026-01-06T18:42:00,catalog,/search,5,0,131.8,165.0,0.0
2026-01-06T18:43:00,checkout,/checkout,6,0,224.0,294.0,0.0
2026-01-06T18:43:00,payments,/status,3,0,49.666666666666664,52.8,0.0
2026-01-06T18:43:00,payments,/refund,5,0,173.8,235.6,0.0
2026-01-06T18:43:00,payments,/pay,9,0,272.8888888888889,375.0,0.0
2026-01-06T18:43:00,checkout,/cart/add,3,0,106.0,160.1,0.0
2026-01-06T18:43:00,checkout,/cart,6,0,76.0,120.25,0.0
2026-01-06T18:43:00,catalog,/items,13,0,77.84615384615384,111.6,0.0
2026-01-06T18:43:00,catalog,/item/{id},9,0,53.0,73.6,0.0
2026-01-06T18:43:00,auth,/verify,10,0,35.8,49.099999999999994,0.0
2026-01-06T18:43:00,auth,/logout,8,0,50.875,58.65,0.0
2026-01-06T18:43:00,auth,/login,8,0,84.75,93.65,0.0
2026-01-06T18:43:00,catalog,/search,11,1,144.63636363636363,252.0,0.09090909090909091
2026-01-06T18:44:00,catalog,/search,5,0,170.4,190.8,0.0
2026-01-06T18:44:00,payments,/refund,3,0,188.33333333333334,229.0,0.0
2026-01-06T18:44:00,payments,/pay,5,0,294.2,376.59999999999997,0.0
2026-01-06T18:44:00,checkout,/checkout,2,0,270.5,289.85,0.0
2026-01-06T18:44:00,checkout,/cart/add,5,0,108.6,165.4,0.0
2026-01-06T18:44:00,checkout,/cart,3,0,78.33333333333333,92.6,0.0
2026-01-06T18:44:00,catalog,/item/{id},17,1,59.11764705882353,89.39999999999996,0.058823529411764705
2026-01-06T18:44:00,payments,/status,5,0,66.8,87.6,0.0
2026-01-06T18:44:00,auth,/verify,8,0,36.5,49.65,0.0
2026-01-06T18:44:00,auth,/logout,5,0,47.0,54.4,0.0
2026-01-06T18:44:00,auth,/login,8,0,68.875,89.74999999999999,0.0
2026-01-06T18:44:00,catalog,/items,11,0,72.18181818181819,100.5,0.0
2026-01-06T18:45:00,payments,/pay,4,0,276.75,329.2,0.0
2026-01-06T18:45:00,checkout,/checkout,3,0,265.0,299.0,0.0
2026-01-06T18:45:00,payments,/status,1,0,79.0,79.0,0.0
2026-01-06T18:45:00,payments,/refund,3,0,128.66666666666666,155.2,0.0
2026-01-06T18:45:00,checkout,/cart/add,5,0,127.2,175.2,0.0
2026-01-06T18:45:00,checkout,/cart,6,0,106.5,145.75,0.0
2026-01-06T18:45:00,catalog,/search,12,0,149.16666666666666,191.45,0.0
2026-01-06T18:45:00,catalog,/items,14,0,87.85714285714286,119.35,0.0
2026-01-06T18:45:00,catalog,/item/{id},9,0,49.55555555555556,68.0,0.0
2026-01-06T18:45:00,auth,/verify,5,0,30.2,42.2,0.0
2026-01-06T18:45:00,auth,/logout,5,0,47.0,59.8,0.0
2026-01-06T18:45:00,auth,/login,3,0,60.666666666666664,69.5,0.0
2026-01-06T18:46:00,payments,/status,6,0,56.0,79.0,0.0
2026-01-06T18:46:00,payments,/refund,3,0,180.0,241.5,0.0
2026-01-06T18:46:00,payments,/pay,5,0,258.6,307.8,0.0
2026-01-06T18:46:00,checkout,/checkout,8,0,177.75,251.25,0.0
2026-01-06T18:46:00,checkout,/cart/add,2,0,123.0,164.4,0.0
2026-01-06T18:46:00,checkout,/cart,2,0,81.0,89.1,0.0
2026-01-06T18:46:00,catalog,/search,10,0,144.4,180.45,0.0
2026-01-06T18:46:00,catalog,/items,8,0,76.25,110.35,0.0
2026-01-06T18:46:00,catalog,/item/{id},10,0,50.2,68.34999999999998,0.0
2026-01-06T18:46:00,auth,/verify,9,1,37.44444444444444,46.6,0.1111111111111111
2026-01-06T18:46:00,auth,/logout,9,0,44.333333333333336,57.6,0.0
2026-01-06T18:46:00,auth,/login,6,0,67.66666666666667,86.5,0.0
2026-01-06T18:47:00,payments,/status,4,0,65.25,85.05,0.0
2026-01-06T18:47:00,payments,/refund,4,0,154.75,211.09999999999997,0.0
2026-01-06T18:47:00,payments,/pay,5,0,306.0,396.0,0.0
2026-01-06T18:47:00,checkout,/checkout,6,0,203.33333333333334,278.0,0.0
2026-01-06T18:47:00,checkout,/cart/add,3,0,133.33333333333334,152.6,0.0
2026-01-06T18:47:00,catalog,/search,10,0,141.9,186.2,0.0
2026-01-06T18:47:00,catalog,/item/{id},12,0,54.75,72.8,0.0
2026-01-06T18:47:00,catalog,/items,13,0,70.92307692307692,104.8,0.0
2026-01-06T18:47:00,auth,/verify,8,0,31.5,44.849999999999994,0.0
2026-01-06T18:47:00,auth,/logout,12,0,43.333333333333336,58.0,0.0
2026-01-06T18:47:00,auth,/login,4,0,65.75,76.19999999999999,0.0
2026-01-06T18:47:00,checkout,/cart,11,0,93.27272727272727,144.0,0.0
2026-01-06T18:48:00,payments,/status,1,0,78.0,78.0,0.0
2026-01-06T18:48:00,payments,/refund,8,0,174.0,231.29999999999998,0.0
2026-01-06T18:48:00,payments,/pay,2,0,259.0,294.1,0.0
2026-01-06T18:48:00,checkout,/checkout,3,0,131.66666666666666,172.4,0.0
2026-01-06T18:48:00,checkout,/cart/add,5,0,117.0,149.0,0.0
2026-01-06T18:48:00,checkout,/cart,9,0,100.66666666666667,146.0,0.0
2026-01-06T18:48:00,catalog,/items,6,0,98.5,115.5,0.0
2026-01-06T18:48:00,catalog,/item/{id},6,0,58.0,79.0,0.0
2026-01-06T18:48:00,auth,/verify,10,0,35.4,45.099999999999994,0.0
2026-01-06T18:48:00,auth,/logout,4,0,47.0,54.85,0.0
2026-01-06T18:48:00,auth,/login,3,0,85.0,90.7,0.0
2026-01-06T18:48:00,catalog,/search,14,0,140.28571428571428,192.05,0.0
2026-01-06T18:49:00,checkout,/checkout,5,0,175.2,257.2,0.0
2026-01-06T18:49:00,payments,/pay,4,1,287.75,329.34999999999997,0.25
2026-01-06T18:49:00,checkout,/cart/add,7,0,106.85714285714286,141.1,0.0
2026-01-06T18:49:00,payments,/status,6,0,77.83333333333333,93.75,0.0
2026-01-06T18:49:00,payments,/refund,5,0,182.4,224.4,0.0
2026-01-06T18:49:00,checkout,/cart,1,0,89.0,89.0,0.0
2026-01-06T18:49:00,auth,/login,8,0,75.625,95.0,0.0
2026-01-06T18:49:00,catalog,/items,14,0,71.64285714285714,107.55,0.0
2026-01-06T18:49:00,catalog,/item/{id},13,0,58.46153846153846,77.6,0.0
2026-01-06T18:49:00,auth,/verify,8,0,39.5,48.599999999999994,0.0
2026-01-06T18:49:00,auth,/logout,6,0,41.5,55.25,0.0
2026-01-06T18:49:00,catalog,/search,17,0,137.47058823529412,184.0,0.0
2026-01-06T18:50:00,payments,/status,4,0,47.5,56.199999999999996,0.0
2026-01-06T18:50:00,payments,/refund,2,0,203.0,205.7,0.0
2026-01-06T18:50:00,payments,/pay,3,1,350.0,449.4,0.3333333333333333
2026-01-06T18:50:00,checkout,/checkout,6,0,214.83333333333334,282.75,0.0
2026-01-06T18:50:00,checkout,/cart/add,4,0,123.25,169.79999999999998,0.0
2026-01-06T18:50:00,checkout,/cart,6,0,113.0,142.0,0.0
2026-01-06T18:50:00,catalog,/search,9,0,156.33333333333334,186.0,0.0
2026-01-06T18:50:00,catalog,/items,8,0,83.875,118.65,0.0
2026-01-06T18:50:00,catalog,/item/{id},14,0,56.42857142857143,77.4,0.0
2026-01-06T18:50:00,auth,/verify,8,0,36.875,48.25,0.0
2026-01-06T18:50:00,auth,/logout,9,0,44.333333333333336,58.6,0.0
2026-01-06T18:50:00,auth,/login,10,0,74.7,92.19999999999999,0.0
2026-01-06T18:51:00,payments,/status,2,0,61.5,69.15,0.0
2026-01-06T18:51:00,payments,/refund,1,0,208.0,208.0,0.0
2026-01-06T18:51:00,payments,/pay,1,0,204.0,204.0,0.0
2026-01-06T18:51:00,checkout,/checkout,5,0,195.2,241.2,0.0
2026-01-06T18:51:00,checkout,/cart/add,4,0,112.5,134.25,0.0
2026-01-06T18:51:00,checkout,/cart,6,0,93.0,134.75,0.0
2026-01-06T18:51:00,catalog,/items,20,0,78.2,115.25,0.0
2026-01-06T18:51:00,catalog,/item/{id},13,0,59.76923076923077,77.8,0.0
2026-01-06T18:51:00,auth,/verify,11,0,38.45454545454545,48.5,0.0
2026-01-06T18:51:00,auth,/logout,7,0,45.714285714285715,54.3,0.0
2026-01-06T18:51:00,auth,/login,3,0,70.66666666666667,89.0,0.0
2026-01-06T18:51:00,catalog,/search,8,0,144.25,198.65,0.0
2026-01-06T18:52:00,catalog,/search,13,0,148.0,194.4,0.0
2026-01-06T18:52:00,payments,/status,4,0,87.25,98.4,0.0
2026-01-06T18:52:00,payments,/refund,5,1,192.8,235.0,0.2
2026-01-06T18:52:00,payments,/pay,3,1,334.3333333333333,546.9,0.3333333333333333
2026-01-06T18:52:00,checkout,/checkout,8,1,209.875,305.24999999999994,0.125
2026-01-06T18:52:00,checkout,/cart/add,8,1,128.25,223.69999999999996,0.125
2026-01-06T18:52:00,catalog,/item/{id},11,0,51.72727272727273,70.5,0.0
2026-01-06T18:52:00,catalog,/items,9,0,70.0,97.19999999999999,0.0
2026-01-06T18:52:00,auth,/verify,5,0,36.2,44.4,0.0
2026-01-06T18:52:00,auth,/logout,3,0,43.333333333333336,48.4,0.0
2026-01-06T18:52:00,auth,/login,8,0,80.25,95.55,0.0
2026-01-06T18:52:00,checkout,/cart,5,0,99.0,129.6,0.0
2026-01-06T18:53:00,checkout,/checkout,6,0,158.16666666666666,225.5,0.0
2026-01-06T18:53:00,payments,/pay,2,0,210.0,237.9,0.0
2026-01-06T18:53:00,checkout,/cart/add,7,0,109.42857142857143,154.49999999999997,0.0
2026-01-06T18:53:00,payments,/status,4,0,86.0,96.19999999999999,0.0
2026-01-06T18:53:00,payments,/refund,7,0,178.14285714285714,237.5,0.0
2026-01-06T18:53:00,checkout,/cart,2,0,121.5,131.85,0.0
2026-01-06T18:53:00,auth,/login,7,0,76.28571428571429,93.7,0.0
2026-01-06T18:53:00,catalog,/items,6,0,84.33333333333333,116.75,0.0
2026-01-06T18:53:00,catalog,/item/{id},15,0,53.333333333333336,69.5,0.0
2026-01-06T18:53:00,auth,/verify,12,0,41.333333333333336,49.45,0.0
2026-01-06T18:53:00,auth,/logout,7,0,44.142857142857146,57.599999999999994,0.0
2026-01-06T18:53:00,catalog,/search,9,0,139.22222222222223,187.6,0.0
2026-01-06T18:54:00,payments,/status,4,0,70.5,94.39999999999999,0.0
2026-01-06T18:54:00,payments,/refund,7,0,183.28571428571428,239.09999999999997,0.0
2026-01-06T18:54:00,payments,/pay,5,0,270.6,333.4,0.0
2026-01-06T18:54:00,checkout,/checkout,4,0,223.25,257.8,0.0
2026-01-06T18:54:00,checkout,/cart/add,3,0,77.33333333333333,83.9,0.0
2026-01-06T18:54:00,checkout,/cart,6,0,112.83333333333333,145.5,0.0
2026-01-06T18:54:00,catalog,/items,8,0,64.875,96.8,0.0
2026-01-06T18:54:00,catalog,/item/{id},18,0,61.111111111111114,77.0,0.0
2026-01-06T18:54:00,auth,/verify,6,1,44.5,47.25,0.16666666666666666
2026-01-06T18:54:00,auth,/logout,14,0,45.92857142857143,59.35,0.0
2026-01-06T18:54:00,auth,/login,6,0,74.66666666666667,91.25,0.0
2026-01-06T18:54:00,catalog,/search,11,1,151.72727272727272,199.5,0.09090909090909091
2026-01-06T18:55:00,checkout,/cart/add,10,0,125.0,178.65,0.0
2026-01-06T18:55:00,payments,/status,5,0,66.2,90.8,0.0
2026-01-06T18:55:00,payments,/refund,5,0,198.6,244.6,0.0
2026-01-06T18:55:00,payments,/pay,4,0,280.5,345.45,0.0
2026-01-06T18:55:00,checkout,/checkout,3,0,224.0,269.7,0.0
2026-01-06T18:55:00,checkout,/cart,5,0,92.8,122.2,0.0
2026-01-06T18:55:00,auth,/login,10,0,70.8,91.19999999999999,0.0
2026-01-06T18:55:00,catalog,/items,9,0,81.55555555555556,106.8,0.0
2026-01-06T18:55:00,catalog,/item/{id},9,0,60.55555555555556,74.6,0.0
2026-01-06T18:55:00,auth,/verify,8,1,37.375,54.199999999999996,0.125
2026-01-06T18:55:00,auth,/logout,5,0,43.6,56.599999999999994,0.0
2026-01-06T18:55:00,catalog,/search,9,0,152.11111111111111,194.2,0.0
2026-01-06T18:56:00,checkout,/cart/add,2,0,141.0,172.5,0.0
2026-01-06T18:56:00,payments,/status,5,0,65.0,92.2,0.0
2026-01-06T18:56:00,payments,/refund,5,0,158.0,181.8,0.0
2026-01-06T18:56:00,payments,/pay,3,0,367.3333333333333,386.6,0.0
2026-01-06T18:56:00,checkout,/checkout,5,0,195.6,294.2,0.0
2026-01-06T18:56:00,checkout,/cart,6,0,95.83333333333333,145.5,0.0
2026-01-06T18:56:00,catalog,/items,7,0,67.57142857142857,100.39999999999998,0.0
2026-01-06T18:56:00,catalog,/search,9,0,138.77777777777777,193.6,0.0
2026-01-06T18:56:00,catalog,/item/{id},13,0,51.69230769230769,70.6,0.0
2026-01-06T18:56:00,auth,/verify,10,0,38.0,49.099999999999994,0.0
2026-01-06T18:56:00,auth,/logout,5,0,45.2,58.0,0.0
2026-01-06T18:56:00,auth,/login,6,0,73.5,96.25,0.0
2026-01-06T18:57:00,payments,/status,2,0,85.0,96.7,0.0
2026-01-06T18:57:00,payments,/pay,3,0,266.3333333333333,317.3,0.0
2026-01-06T18:57:00,checkout,/checkout,7,0,209.28571428571428,291.5,0.0
2026-01-06T18:57:00,checkout,/cart/add,8,0,134.125,179.0,0.0
2026-01-06T18:57:00,checkout,/cart,4,0,97.5,147.45,0.0
2026-01-06T18:57:00,catalog,/search,10,0,150.5,191.5,0.0
2026-01-06T18:57:00,catalog,/items,16,0,82.9375,114.0,0.0
2026-01-06T18:57:00,catalog,/item/{id},13,0,46.15384615384615,74.19999999999999,0.0
2026-01-06T18:57:00,auth,/verify,6,1,41.833333333333336,55.25,0.16666666666666666
2026-01-06T18:57:00,auth,/logout,9,0,43.666666666666664,54.8,0.0
2026-01-06T18:57:00,auth,/login,10,0,69.1,86.49999999999999,0.0
2026-01-06T18:58:00,payments,/status,4,1,79.75,134.69999999999996,0.25
2026-01-06T18:58:00,payments,/refund,4,1,196.75,265.2,0.25
2026-01-06T18:58:00,payments,/pay,2,0,239.0,310.09999999999997,0.0
2026-01-06T18:58:00,checkout,/checkout,6,0,211.83333333333334,286.0,0.0
2026-01-06T18:58:00,checkout,/cart/add,9,1,143.44444444444446,178.8,0.1111111111111111
2026-01-06T18:58:00,checkout,/cart,10,0,106.0,131.2,0.0
2026-01-06T18:58:00,catalog,/items,9,0,81.33333333333333,108.0,0.0
2026-01-06T18:58:00,catalog,/item/{id},6,0,52.833333333333336,76.0,0.0
2026-01-06T18:58:00,auth,/verify,5,0,40.6,47.4,0.0
2026-01-06T18:58:00,auth,/logout,4,0,48.75,56.55,0.0
2026-01-06T18:58:00,auth,/login,6,0,69.66666666666667,85.25,0.0
2026-01-06T18:58:00,catalog,/search,10,0,125.8,155.54999999999998,0.0
2026-01-06T18:59:00,catalog,/search,11,0,136.72727272727272,174.0,0.0
2026-01-06T18:59:00,payments,/status,5,1,89.8,162.6,0.2
2026-01-06T18:59:00,payments,/refund,4,0,178.5,227.35,0.0
2026-01-06T18:59:00,checkout,/checkout,5,0,209.6,274.2,0.0
2026-01-06T18:59:00,checkout,/cart/add,6,1,121.66666666666667,231.0,0.16666666666666666
2026-01-06T18:59:00,checkout,/cart,8,0,104.375,131.9,0.0
2026-01-06T18:59:00,catalog,/item/{id},7,0,71.28571428571429,79.4,0.0
2026-01-06T18:59:00,auth,/verify,16,0,32.8125,44.25,0.0
2026-01-06T18:59:00,auth,/logout,5,0,48.0,57.6,0.0
2026-01-06T18:59:00,auth,/login,12,0,70.58333333333333,88.8,0.0
2026-01-06T18:59:00,catalog,/items,8,0,74.375,109.99999999999999,0.0
2026-01-06T19:00:00,checkout,/checkout,8,0,188.375,281.9,0.0
2026-01-06T19:00:00,payments,/pay,2,0,185.0,188.6,0.0
2026-01-06T19:00:00,checkout,/cart/add,5,0,120.2,136.6,0.0
2026-01-06T19:00:00,payments,/status,3,0,79.0,95.2,0.0
2026-01-06T19:00:00,payments,/refund,6,0,203.0,240.25,0.0
2026-01-06T19:00:00,checkout,/cart,5,0,107.0,141.0,0.0
2026-01-06T19:00:00,auth,/login,10,0,69.7,91.69999999999999,0.0
2026-01-06T19:00:00,catalog,/items,9,0,83.88888888888889,114.4,0.0
2026-01-06T19:00:00,catalog,/item/{id},16,0,52.125,70.0,0.0
2026-01-06T19:00:00,auth,/verify,1,0,38.0,38.0,0.0
2026-01-06T19:00:00,auth,/logout,7,0,37.285714285714285,43.7,0.0
2026-01-06T19:00:00,catalog,/search,9,0,166.66666666666666,191.0,0.0
2026-01-06T19:01:00,payments,/refund,3,0,186.0,215.4,0.0
2026-01-06T19:01:00,payments,/pay,2,0,322.5,326.55,0.0
2026-01-06T19:01:00,checkout,/checkout,8,0,186.75,271.49999999999994,0.0
2026-01-06T19:01:00,checkout,/cart/add,8,0,129.0,175.1,0.0
2026-01-06T19:01:00,checkout,/cart,6,0,82.83333333333333,121.0,0.0
2026-01-06T19:01:00,payments,/status,3,0,72.33333333333333,90.89999999999999,0.0
2026-01-06T19:01:00,catalog,/items,8,0,87.75,112.74999999999999,0.0
2026-01-06T19:01:00,catalog,/item/{id},12,0,61.333333333333336,77.9,0.0
2026-01-06T19:01:00,auth,/verify,9,0,37.888888888888886,47.0,0.0
2026-01-06T19:01:00,auth,/logout,8,0,42.0,53.0,0.0
2026-01-06T19:01:00,auth,/login,8,0,82.125,98.0,0.0
2026-01-06T19:01:00,catalog,/search,14,0,147.0,192.45,0.0
2026-01-06T19:02:00,payments,/status,4,0,61.75,69.7,0.0
2026-01-06T19:02:00,payments,/refund,3,0,167.0,228.6,0.0
2026-01-06T19:02:00,payments,/pay,4,0,290.75,368.7,0.0
2026-01-06T19:02:00,checkout,/checkout,8,0,179.25,268.2,0.0
2026-01-06T19:02:00,checkout,/cart/add,9,0,103.88888888888889,148.6,0.0
2026-01-06T19:02:00,catalog,/search,16,0,136.3125,181.75,0.0
2026-01-06T19:02:00,catalog,/items,10,0,82.0,116.39999999999999,0.0
2026-01-06T19:02:00,catalog,/item/{id},8,0,62.625,79.65,0.0
2026-01-06T19:02:00,auth,/logout,4,0,44.0,47.85,0.0
2026-01-06T19:02:00,auth,/login,6,0,77.0,88.5,0.0
2026-01-06T19:02:00,checkout,/cart,3,0,94.0,107.0,0.0
2026-01-06T19:03:00,checkout,/cart/add,8,0,123.5,157.95,0.0
2026-01-06T19:03:00,payments,/refund,4,0,168.0,214.75,0.0
2026-01-06T19:03:00,payments,/pay,6,0,234.16666666666666,299.25,0.0
2026-01-06T19:03:00,checkout,/checkout,5,1,245.0,399.0,0.2
2026-01-06T19:03:00,checkout,/cart,6,0,78.0,112.75,0.0
2026-01-06T19:03:00,payments,/status,4,0,68.0,92.19999999999999,0.0
2026-01-06T19:03:00,catalog,/items,17,0,87.29411764705883,117.4,0.0
2026-01-06T19:03:00,catalog,/item/{id},14,0,53.785714285714285,70.8,0.0
2026-01-06T19:03:00,auth,/verify,6,0,31.0,44.75,0.0
2026-01-06T19:03:00,auth,/logout,11,0,42.45454545454545,52.5,0.0
2026-01-06T19:03:00,auth,/login,8,0,65.625,81.85,0.0
2026-01-06T19:03:00,catalog,/search,15,0,141.46666666666667,189.2,0.0
2026-01-06T19:04:00,payments,/status,4,0,62.0,79.55,0.0
2026-01-06T19:04:00,payments,/refund,2,0,150.0,194.1,0.0
2026-01-06T19:04:00,checkout,/cart/add,11,0,101.27272727272727,158.5,0.0
2026-01-06T19:04:00,payments,/pay,3,0,179.33333333333334,206.0,0.0
2026-01-06T19:04:00,checkout,/checkout,4,0,203.75,221.04999999999998,0.0
2026-01-06T19:04:00,checkout,/cart,8,0,86.75,119.05,0.0
2026-01-06T19:04:00,auth,/logout,11,0,42.0,49.5,0.0
2026-01-06T19:04:00,catalog,/items,9,0,89.33333333333333,118.2,0.0
2026-01-06T19:04:00,catalog,/item/{id},10,0,59.4,77.0,0.0
2026-01-06T19:04:00,auth,/verify,7,0,26.571428571428573,32.0,0.0
2026-01-06T19:04:00,auth,/login,6,0,82.33333333333333,100.0,0.0
2026-01-06T19:04:00,catalog,/search,9,0,127.0,179.2,0.0
2026-01-06T19:05:00,payments,/refund,5,0,195.4,230.0,0.0
2026-01-06T19:05:00,payments,/pay,3,0,255.0,331.8,0.0
2026-01-06T19:05:00,checkout,/checkout,4,0,147.75,177.54999999999998,0.0
2026-01-06T19:05:00,checkout,/cart/add,4,0,117.25,175.04999999999998,0.0
2026-01-06T19:05:00,checkout,/cart,8,1,120.0,147.95,0.125
2026-01-06T19:05:00,payments,/status,3,0,68.66666666666667,88.1,0.0
2026-01-06T19:05:00,catalog,/items,10,0,67.0,84.55,0.0
2026-01-06T19:05:00,catalog,/item/{id},10,0,59.9,74.3,0.0
2026-01-06T19:05:00,auth,/verify,4,0,45.25,49.7,0.0
2026-01-06T19:05:00,auth,/logout,8,0,47.75,56.0,0.0
2026-01-06T19:05:00,auth,/login,6,0,76.5,94.5,0.0
2026-01-06T19:05:00,catalog,/search,8,0,123.125,162.45,0.0
2026-01-06T19:06:00,payments,/status,3,0,82.33333333333333,90.0,0.0
2026-01-06T19:06:00,payments,/refund,4,0,182.5,232.75,0.0
2026-01-06T19:06:00,payments,/pay,1,0,230.0,230.0,0.0
2026-01-06T19:06:00,checkout,/checkout,7,0,226.57142857142858,296.9,0.0
2026-01-06T19:06:00,checkout,/cart/add,5,0,126.0,152.2,0.0
2026-01-06T19:06:00,checkout,/cart,4,0,100.25,128.7,0.0
2026-01-06T19:06:00,catalog,/search,11,1,137.72727272727272,218.0,0.09090909090909091
2026-01-06T19:06:00,catalog,/item/{id},7,0,51.0,73.5,0.0
2026-01-06T19:06:00,auth,/verify,7,0,33.857142857142854,47.5,0.0
2026-01-06T19:06:00,auth,/logout,4,0,43.75,50.949999999999996,0.0
2026-01-06T19:06:00,auth,/login,10,0,72.3,95.55,0.0
2026-01-06T19:06:00,catalog,/items,14,0,81.14285714285714,114.35,0.0
2026-01-06T19:07:00,checkout,/cart/add,8,1,133.75,199.79999999999998,0.125
2026-01-06T19:07:00,payments,/refund,2,1,202.5,212.85,0.5
2026-01-06T19:07:00,payments,/status,1,0,71.0,71.0,0.0
2026-01-06T19:07:00,checkout,/checkout,8,0,194.875,268.95,0.0
2026-01-06T19:07:00,checkout,/cart,7,1,123.14285714285714,145.4,0.14285714285714285
2026-01-06T19:07:00,payments,/pay,5,0,252.0,324.0,0.0
2026-01-06T19:07:00,catalog,/items,14,0,80.35714285714286,112.5,0.0
2026-01-06T19:07:00,catalog,/item/{id},10,0,53.0,77.1,0.0
2026-01-06T19:07:00,auth,/verify,10,0,38.2,48.199999999999996,0.0
2026-01-06T19:07:00,auth,/logout,9,0,41.666666666666664,56.8,0.0
2026-01-06T19:07:00,auth,/login,8,0,80.125,94.55,0.0
2026-01-06T19:07:00,catalog,/search,17,0,154.7058823529412,192.2,0.0
2026-01-06T19:08:00,payments,/status,8,0,74.625,95.95,0.0
2026-01-06T19:08:00,payments,/refund,1,0,211.0,211.0,0.0
2026-01-06T19:08:00,payments,/pay,2,0,260.5,295.15,0.0
2026-01-06T19:08:00,checkout,/checkout,9,0,162.22222222222223,262.0,0.0
2026-01-06T19:08:00,checkout,/cart/add,4,0,118.25,157.04999999999998,0.0
2026-01-06T19:08:00,checkout,/cart,4,0,108.0,121.4,0.0
2026-01-06T19:08:00,catalog,/search,7,0,137.28571428571428,182.5,0.0
2026-01-06T19:08:00,catalog,/items,9,0,66.0,97.6,0.0
2026-01-06T19:08:00,catalog,/item/{id},9,0,56.888888888888886,80.0,0.0
2026-01-06T19:08:00,auth,/verify,6,0,37.166666666666664,47.5,0.0
2026-01-06T19:08:00,auth,/logout,6,0,45.5,51.5,0.0
2026-01-06T19:08:00,auth,/login,9,0,77.77777777777777,96.2,0.0
2026-01-06T19:09:00,payments,/refund,1,0,173.0,173.0,0.0
2026-01-06T19:09:00,payments,/pay,1,0,325.0,325.0,0.0
2026-01-06T19:09:00,checkout,/checkout,3,0,209.0,270.7,0.0
2026-01-06T19:09:00,payments,/status,2,0,65.0,77.6,0.0
2026-01-06T19:09:00,checkout,/cart/add,3,0,102.66666666666667,126.2,0.0
2026-01-06T19:09:00,checkout,/cart,7,0,104.14285714285714,137.0,0.0
2026-01-06T19:09:00,catalog,/item/{id},12,0,52.0,69.5,0.0
2026-01-06T19:09:00,catalog,/items,4,0,74.75,97.24999999999999,0.0
2026-01-06T19:09:00,auth,/verify,8,1,38.25,49.3,0.125
2026-01-06T19:09:00,auth,/logout,7,0,47.285714285714285,60.0,0.0
2026-01-06T19:09:00,auth,/login,4,0,83.75,99.1,0.0
2026-01-06T19:09:00,catalog,/search,13,0,145.53846153846155,190.39999999999998,0.0
2026-01-06T19:10:00,payments,/refund,5,0,181.4,227.4,0.0
2026-01-06T19:10:00,payments,/pay,4,0,313.0,378.45,0.0
2026-01-06T19:10:00,checkout,/checkout,7,0,161.71428571428572,225.9,0.0
2026-01-06T19:10:00,checkout,/cart/add,3,0,109.66666666666667,144.5,0.0
2026-01-06T19:10:00,checkout,/cart,8,0,98.125,135.15,0.0
2026-01-06T19:10:00,catalog,/item/{id},11,0,58.54545454545455,80.0,0.0
2026-01-06T19:10:00,catalog,/items,11,0,68.9090909090909,99.0,0.0
2026-01-06T19:10:00,auth,/verify,7,0,40.857142857142854,49.7,0.0
2026-01-06T19:10:00,auth,/logout,5,0,44.0,59.2,0.0
2026-01-06T19:10:00,auth,/login,8,0,68.875,90.55,0.0
2026-01-06T19:10:00,payments,/status,2,0,88.5,92.55,0.0
2026-01-06T19:10:00,catalog,/search,13,0,152.92307692307693,181.39999999999998,0.0
2026-01-06T19:11:00,checkout,/checkout,9,0,198.77777777777777,282.4,0.0
2026-01-06T19:11:00,checkout,/cart/add,8,0,127.0,176.25,0.0
2026-01-06T19:11:00,payments,/refund,4,0,187.25,228.65,0.0
2026-01-06T19:11:00,payments,/pay,5,0,283.4,387.4,0.0
2026-01-06T19:11:00,checkout,/cart,6,0,106.33333333333333,135.25,0.0
2026-01-06T19:11:00,catalog,/items,11,0,88.36363636363636,111.0,0.0
2026-01-06T19:11:00,catalog,/search,14,0,138.85714285714286,180.45,0.0
2026-01-06T19:11:00,catalog,/item/{id},12,0,55.333333333333336,77.9,0.0
2026-01-06T19:11:00,auth,/verify,8,0,34.75,44.949999999999996,0.0
2026-01-06T19:11:00,auth,/logout,6,0,46.5,53.0,0.0
2026-01-06T19:11:00,auth,/login,5,0,66.8,72.0,0.0
2026-01-06T19:12:00,payments,/status,2,0,69.0,78.9,0.0
2026-01-06T19:12:00,payments,/refund,3,0,210.0,242.6,0.0
2026-01-06T19:12:00,payments,/pay,3,0,304.3333333333333,372.4,0.0
2026-01-06T19:12:00,checkout,/checkout,6,1,237.33333333333334,380.5,0.16666666666666666
2026-01-06T19:12:00,checkout,/cart/add,6,0,111.83333333333333,141.25,0.0
2026-01-06T19:12:00,checkout,/cart,3,0,68.33333333333333,80.1,0.0
2026-01-06T19:12:00,catalog,/search,11,0,112.72727272727273,169.5,0.0
2026-01-06T19:12:00,catalog,/items,5,0,85.2,110.4,0.0
2026-01-06T19:12:00,catalog,/item/{id},11,0,55.09090909090909,72.5,0.0
2026-01-06T19:12:00,auth,/verify,12,1,34.25,47.0,0.08333333333333333
2026-01-06T19:12:00,auth,/logout,7,0,44.42857142857143,54.4,0.0
2026-01-06T19:12:00,auth,/login,11,0,74.27272727272727,97.0,0.0
2026-01-06T19:13:00,payments,/status,2,0,69.0,87.89999999999999,0.0
2026-01-06T19:13:00,payments,/refund,4,0,185.25,243.24999999999997,0.0
2026-01-06T19:13:00,payments,/pay,2,0,313.0,348.1,0.0
2026-01-06T19:13:00,checkout,/checkout,5,1,287.0,476.99999999999994,0.2
2026-01-06T19:13:00,checkout,/cart/add,6,0,100.66666666666667,144.25,0.0
2026-01-06T19:13:00,checkout,/cart,3,0,113.33333333333333,125.5,0.0
2026-01-06T19:13:00,catalog,/items,10,0,68.1,92.64999999999999,0.0
2026-01-06T19:13:00,catalog,/item/{id},12,1,59.0,76.25,0.08333333333333333
2026-01-06T19:13:00,auth,/verify,4,0,42.25,48.4,0.0
2026-01-06T19:13:00,auth,/logout,12,0,42.416666666666664,60.0,0.0
2026-01-06T19:13:00,auth,/login,3,0,73.66666666666667,78.5,0.0
2026-01-06T19:13:00,catalog,/search,15,0,142.53333333333333,186.1,0.0
2026-01-06T19:14:00,catalog,/search,11,0,134.45454545454547,188.0,0.0
2026-01-06T19:14:00,payments,/status,4,0,64.5,75.0,0.0
2026-01-06T19:14:00,payments,/refund,3,0,228.33333333333334,231.5,0.0
2026-01-06T19:14:00,payments,/pay,2,0,304.0,312.1,0.0
2026-01-06T19:14:00,checkout,/checkout,8,0,205.125,277.45,0.0
2026-01-06T19:14:00,checkout,/cart/add,5,0,137.6,165.0,0.0
2026-01-06T19:14:00,catalog,/item/{id},9,0,48.77777777777778,68.0,0.0
2026-01-06T19:14:00,catalog,/items,13,0,83.3076923076923,111.99999999999999,0.0
2026-01-06T19:14:00,auth,/verify,6,1,43.166666666666664,78.5,0.16666666666666666
2026-01-06T19:14:00,auth,/logout,7,0,47.142857142857146,59.099999999999994,0.0
2026-01-06T19:14:00,auth,/login,9,1,82.44444444444444,106.79999999999998,0.1111111111111111
2026-01-06T19:14:00,checkout,/cart,7,0,91.85714285714286,121.79999999999998,0.0
2026-01-06T19:15:00,checkout,/checkout,9,0,192.22222222222223,261.4,0.0
2026-01-06T19:15:00,payments,/pay,7,0,261.14285714285717,299.0,0.0
2026-01-06T19:15:00,checkout,/cart/add,3,0,103.0,143.4,0.0
2026-01-06T19:15:00,payments,/status,2,0,57.0,57.9,0.0
2026-01-06T19:15:00,payments,/refund,5,0,142.4,221.79999999999998,0.0
2026-01-06T19:15:00,checkout,/cart,8,0,112.0,144.85,0.0
2026-01-06T19:15:00,catalog,/search,14,0,144.07142857142858,188.75,0.0
2026-01-06T19:15:00,catalog,/items,22,0,77.0,111.95,0.0
2026-01-06T19:15:00,catalog,/item/{id},11,0,52.18181818181818,69.5,0.0
2026-01-06T19:15:00,auth,/verify,11,0,37.09090909090909,47.5,0.0
2026-01-06T19:15:00,auth,/logout,3,0,44.0,47.6,0.0
2026-01-06T19:15:00,auth,/login,12,0,77.5,90.35,0.0
2026-01-06T19:16:00,payments,/status,4,0,70.25,91.75,0.0
2026-01-06T19:16:00,payments,/refund,3,0,151.66666666666666,220.79999999999998,0.0
2026-01-06T19:16:00,checkout,/checkout,8,1,196.375,263.9,0.125
2026-01-06T19:16:00,checkout,/cart/add,4,0,100.25,116.0,0.0
2026-01-06T19:16:00,checkout,/cart,6,0,97.5,125.25,0.0
2026-01-06T19:16:00,catalog,/search,6,0,136.83333333333334,175.5,0.0
2026-01-06T19:16:00,catalog,/items,12,0,89.91666666666667,115.35,0.0
2026-01-06T19:16:00,catalog,/item/{id},14,0,59.07142857142857,75.4,0.0
2026-01-06T19:16:00,auth,/verify,7,1,39.42857142857143,57.399999999999984,0.14285714285714285
2026-01-06T19:16:00,auth,/logout,4,0,40.25,48.65,0.0
2026-01-06T19:16:00,auth,/login,12,0,70.25,95.8,0.0
2026-01-06T19:17:00,payments,/status,8,0,70.5,93.95,0.0
2026-01-06T19:17:00,payments,/refund,2,0,147.0,174.9,0.0
2026-01-06T19:17:00,payments,/pay,3,0,239.66666666666666,293.7,0.0
2026-01-06T19:17:00,checkout,/checkout,5,0,177.2,215.6,0.0
2026-01-06T19:17:00,checkout,/cart/add,6,0,127.66666666666667,166.0,0.0
2026-01-06T19:17:00,checkout,/cart,7,0,83.85714285714286,135.8,0.0
2026-01-06T19:17:00,catalog,/items,12,0,74.5,103.94999999999999,0.0
2026-01-06T19:17:00,catalog,/item/{id},9,0,52.666666666666664,73.6,0.0
2026-01-06T19:17:00,auth,/verify,5,0,35.6,48.8,0.0
2026-01-06T19:17:00,auth,/logout,8,0,46.375,56.599999999999994,0.0
2026-01-06T19:17:00,auth,/login,3,0,81.33333333333333,92.3,0.0
2026-01-06T19:17:00,catalog,/search,9,0,134.0,180.79999999999998,0.0
2026-01-06T19:18:00,catalog,/search,6,0,121.33333333333333,155.75,0.0
2026-01-06T19:18:00,payments,/status,4,0,68.25,80.4,0.0
2026-01-06T19:18:00,payments,/refund,5,0,180.4,235.2,0.0
2026-01-06T19:18:00,checkout,/checkout,3,0,188.33333333333334,245.0,0.0
2026-01-06T19:18:00,checkout,/cart/add,6,0,102.0,131.0,0.0
2026-01-06T19:18:00,checkout,/cart,9,0,92.0,118.6,0.0
2026-01-06T19:18:00,catalog,/item/{id},7,0,55.57142857142857,75.3,0.0
2026-01-06T19:18:00,auth,/verify,2,0,31.0,31.9,0.0
2026-01-06T19:18:00,auth,/logout,9,0,48.333333333333336,60.0,0.0
2026-01-06T19:18:00,auth,/login,11,0,79.72727272727273,98.0,0.0
2026-01-06T19:18:00,catalog,/items,14,0,87.07142857142857,114.7,0.0
2026-01-06T19:19:00,checkout,/checkout,5,0,188.4,257.2,0.0
2026-01-06T19:19:00,payments,/pay,5,0,284.6,380.79999999999995,0.0
2026-01-06T19:19:00,checkout,/cart/add,8,0,126.25,170.6,0.0
2026-01-06T19:19:00,payments,/status,2,0,71.0,89.89999999999999,0.0
2026-01-06T19:19:00,payments,/refund,3,0,164.33333333333334,205.7,0.0
2026-01-06T19:19:00,checkout,/cart,2,0,101.5,107.35,0.0
2026-01-06T19:19:00,auth,/login,8,0,78.375,90.95,0.0
2026-01-06T19:19:00,catalog,/items,14,0,80.0,118.05,0.0
2026-01-06T19:19:00,catalog,/item/{id},13,0,58.0,76.8,0.0
2026-01-06T19:19:00,auth,/verify,15,1,36.0,50.3,0.06666666666666667
2026-01-06T19:19:00,auth,/logout,10,1,45.8,69.89999999999998,0.1
2026-01-06T19:19:00,catalog,/search,12,0,143.16666666666666,184.25,0.0
2026-01-06T19:20:00,payments,/refund,1,0,234.0,234.0,0.0
2026-01-06T19:20:00,payments,/pay,6,0,278.0,383.0,0.0
2026-01-06T19:20:00,checkout,/checkout,4,0,240.75,263.4,0.0
2026-01-06T19:20:00,checkout,/cart/add,7,0,127.71428571428571,150.29999999999998,0.0
2026-01-06T19:20:00,checkout,/cart,7,0,125.85714285714286,146.6,0.0
2026-01-06T19:20:00,payments,/status,3,0,74.33333333333333,87.7,0.0
2026-01-06T19:20:00,catalog,/items,10,1,89.8,159.14999999999992,0.1
2026-01-06T19:20:00,catalog,/item/{id},18,0,56.166666666666664,77.3,0.0
2026-01-06T19:20:00,auth,/verify,7,0,29.571428571428573,42.79999999999999,0.0
2026-01-06T19:20:00,auth,/logout,2,0,37.5,38.85,0.0
2026-01-06T19:20:00,auth,/login,10,0,79.6,97.3,0.0
2026-01-06T19:20:00,catalog,/search,6,0,133.16666666666666,186.0,0.0
2026-01-06T19:21:00,payments,/status,1,0,44.0,44.0,0.0
2026-01-06T19:21:00,payments,/refund,5,0,127.0,158.6,0.0
2026-01-06T19:21:00,payments,/pay,2,0,251.5,337.45,0.0
2026-01-06T19:21:00,checkout,/checkout,6,0,244.66666666666666,288.75,0.0
2026-01-06T19:21:00,checkout,/cart/add,8,0,109.125,159.6,0.0
2026-01-06T19:21:00,checkout,/cart,3,0,105.0,140.7,0.0
2026-01-06T19:21:00,catalog,/search,16,2,160.1875,250.0,0.125
2026-01-06T19:21:00,catalog,/item/{id},7,0,47.142857142857146,62.099999999999994,0.0
2026-01-06T19:21:00,auth,/verify,9,0,33.22222222222222,47.599999999999994,0.0
2026-01-06T19:21:00,auth,/logout,8,0,48.625,58.3,0.0
2026-01-06T19:21:00,auth,/login,12,0,74.83333333333333,97.9,0.0
2026-01-06T19:21:00,catalog,/items,7,0,80.28571428571429,108.09999999999998,0.0
2026-01-06T19:22:00,checkout,/cart/add,3,0,103.33333333333333,121.9,0.0
2026-01-06T19:22:00,payments,/refund,3,0,149.33333333333334,208.1,0.0
2026-01-06T19:22:00,payments,/pay,4,0,251.25,311.55,0.0
2026-01-06T19:22:00,checkout,/checkout,13,0,198.3846153846154,293.2,0.0
2026-01-06T19:22:00,checkout,/cart,8,0,87.125,141.0,0.0
2026-01-06T19:22:00,payments,/status,1,0,49.0,49.0,0.0
2026-01-06T19:22:00,catalog,/items,8,0,69.0,104.95,0.0
2026-01-06T19:22:00,auth,/login,7,0,66.42857142857143,97.8,0.0
2026-01-06T19:22:00,auth,/logout,10,0,45.3,59.55,0.0
2026-01-06T19:22:00,catalog,/search,14,0,153.07142857142858,188.2,0.0
2026-01-06T19:22:00,catalog,/item/{id},10,0,56.5,78.0,0.0
2026-01-06T19:22:00,auth,/verify,12,0,36.75,47.9,0.0
2026-01-06T19:23:00,payments,/status,3,0,76.66666666666667,87.4,0.0
2026-01-06T19:23:00,payments,/refund,2,0,116.0,121.4,0.0
2026-01-06T19:23:00,payments,/pay,4,0,201.0,237.5,0.0
2026-01-06T19:23:00,checkout,/checkout,3,0,222.33333333333334,265.7,0.0
2026-01-06T19:23:00,checkout,/cart,5,0,86.2,133.2,0.0
2026-01-06T19:23:00,checkout,/cart/add,8,0,128.25,168.45,0.0
2026-01-06T19:23:00,catalog,/items,7,0,97.42857142857143,108.4,0.0
2026-01-06T19:23:00,catalog,/item/{id},11,0,54.54545454545455,79.5,0.0
2026-01-06T19:23:00,auth,/verify,6,0,38.0,48.75,0.0
2026-01-06T19:23:00,auth,/logout,4,0,42.25,57.599999999999994,0.0
2026-01-06T19:23:00,auth,/login,6,0,77.33333333333333,97.75,0.0
2026-01-06T19:23:00,catalog,/search,21,0,146.61904761904762,198.0,0.0
2026-01-06T19:24:00,payments,/refund,3,0,189.66666666666666,199.6,0.0
2026-01-06T19:24:00,payments,/pay,4,0,300.0,344.25,0.0
2026-01-06T19:24:00,checkout,/checkout,7,0,196.85714285714286,274.8,0.0
2026-01-06T19:24:00,checkout,/cart/add,4,0,151.25,169.1,0.0
2026-01-06T19:24:00,checkout,/cart,5,0,121.4,144.0,0.0
2026-01-06T19:24:00,catalog,/search,10,0,126.4,182.1,0.0
2026-01-06T19:24:00,catalog,/item/{id},11,0,60.54545454545455,77.5,0.0
2026-01-06T19:24:00,auth,/verify,9,0,32.333333333333336,45.0,0.0
2026-01-06T19:24:00,auth,/logout,5,0,42.8,49.6,0.0
2026-01-06T19:24:00,auth,/login,7,0,70.28571428571429,90.29999999999998,0.0
2026-01-06T19:24:00,catalog,/items,16,1,86.0,115.75,0.0625
2026-01-06T19:25:00,payments,/status,4,0,69.0,94.69999999999999,0.0
2026-01-06T19:25:00,payments,/refund,3,0,148.0,193.79999999999998,0.0
2026-01-06T19:25:00,payments,/pay,1,0,304.0,304.0,0.0
2026-01-06T19:25:00,checkout,/checkout,8,0,225.0,287.95,0.0
2026-01-06T19:25:00,checkout,/cart/add,1,0,71.0,71.0,0.0
2026-01-06T19:25:00,checkout,/cart,2,0,77.0,88.7,0.0
2026-01-06T19:25:00,catalog,/items,4,0,64.75,74.25,0.0
2026-01-06T19:25:00,catalog,/item/{id},9,0,54.44444444444444,67.6,0.0
2026-01-06T19:25:00,auth,/verify,6,0,33.5,46.25,0.0
2026-01-06T19:25:00,auth,/logout,6,0,43.333333333333336,55.5,0.0
2026-01-06T19:25:00,auth,/login,6,0,72.33333333333333,96.0,0.0
2026-01-06T19:25:00,catalog,/search,10,0,128.2,181.54999999999998,0.0
2026-01-06T19:26:00,checkout,/cart/add,2,0,116.0,141.2,0.0
2026-01-06T19:26:00,payments,/status,3,0,65.0,84.2,0.0
2026-01-06T19:26:00,payments,/refund,5,0,180.6,219.6,0.0
2026-01-06T19:26:00,payments,/pay,3,0,308.3333333333333,368.9,0.0
2026-01-06T19:26:00,checkout,/checkout,6,0,213.16666666666666,268.0,0.0
2026-01-06T19:26:00,checkout,/cart,9,0,99.0,143.6,0.0
2026-01-06T19:26:00,catalog,/items,10,0,62.9,89.39999999999998,0.0
2026-01-06T19:26:00,catalog,/search,12,0,136.08333333333334,181.6,0.0
2026-01-06T19:26:00,catalog,/item/{id},14,0,65.78571428571429,76.7,0.0
2026-01-06T19:26:00,auth,/verify,7,0,31.0,37.8,0.0
2026-01-06T19:26:00,auth,/logout,9,0,51.22222222222222,59.6,0.0
2026-01-06T19:26:00,auth,/login,8,0,84.0,98.3,0.0
2026-01-06T19:27:00,payments,/refund,2,0,180.5,189.95,0.0
2026-01-06T19:27:00,payments,/pay,2,1,3561.0,3854.4,0.5
2026-01-06T19:27:00,checkout,/checkout,5,0,198.4,244.4,0.0
2026-01-06T19:27:00,checkout,/cart/add,5,0,96.8,117.0,0.0
2026-01-06T19:27:00,checkout,/cart,6,0,95.0,134.75,0.0
2026-01-06T19:27:00,payments,/status,2,0,45.0,47.7,0.0
2026-01-06T19:27:00,catalog,/items,12,0,83.41666666666667,111.9,0.0
2026-01-06T19:27:00,catalog,/item/{id},19,0,54.10526315789474,67.99999999999997,0.0
2026-01-06T19:27:00,auth,/verify,6,0,36.166666666666664,44.75,0.0
2026-01-06T19:27:00,auth,/logout,9,0,40.111111111111114,51.0,0.0
2026-01-06T19:27:00,auth,/login,8,0,67.75,93.19999999999999,0.0
2026-01-06T19:27:00,catalog,/search,15,0,130.2,192.7,0.0
2026-01-06T19:28:00,payments,/status,2,0,80.0,88.1,0.0
2026-01-06T19:28:00,payments,/refund,5,0,196.6,242.6,0.0
2026-01-06T19:28:00,payments,/pay,5,1,4045.4,5228.4,0.2
2026-01-06T19:28:00,checkout,/checkout,2,0,203.0,266.0,0.0
2026-01-06T19:28:00,checkout,/cart/add,7,0,139.85714285714286,171.5,0.0
2026-01-06T19:28:00,checkout,/cart,9,1,102.44444444444444,145.0,0.1111111111111111
2026-01-06T19:28:00,catalog,/items,14,0,82.78571428571429,110.45,0.0
2026-01-06T19:28:00,catalog,/item/{id},10,0,58.0,75.1,0.0
2026-01-06T19:28:00,auth,/verify,6,0,34.166666666666664,44.25,0.0
2026-01-06T19:28:00,auth,/logout,8,0,49.0,59.65,0.0
2026-01-06T19:28:00,auth,/login,11,0,76.18181818181819,96.0,0.0
2026-01-06T19:28:00,catalog,/search,9,0,139.33333333333334,175.2,0.0
2026-01-06T19:29:00,checkout,/cart/add,7,0,112.0,141.29999999999998,0.0
2026-01-06T19:29:00,payments,/status,3,0,84.33333333333333,86.8,0.0
2026-01-06T19:29:00,payments,/refund,3,0,198.0,230.3,0.0
2026-01-06T19:29:00,checkout,/checkout,3,0,183.66666666666666,248.5,0.0
2026-01-06T19:29:00,checkout,/cart,6,0,91.66666666666667,132.75,0.0
2026-01-06T19:29:00,payments,/pay,3,1,3301.0,4168.6,0.3333333333333333
2026-01-06T19:29:00,catalog,/items,13,0,83.6923076923077,119.4,0.0
2026-01-06T19:29:00,catalog,/item/{id},10,0,59.6,78.55,0.0
2026-01-06T19:29:00,auth,/verify,7,0,28.714285714285715,39.3,0.0
2026-01-06T19:29:00,auth,/logout,9,0,44.44444444444444,57.0,0.0
2026-01-06T19:29:00,auth,/login,6,0,74.66666666666667,97.25,0.0
2026-01-06T19:29:00,catalog,/search,8,0,149.5,188.45,0.0
2026-01-06T19:30:00,payments,/status,8,0,76.25,98.95,0.0
2026-01-06T19:30:00,checkout,/cart/add,7,0,130.85714285714286,176.6,0.0
2026-01-06T19:30:00,payments,/refund,8,1,199.25,368.14999999999986,0.125
2026-01-06T19:30:00,payments,/pay,3,0,4119.0,4856.3,0.0
2026-01-06T19:30:00,checkout,/checkout,3,0,241.33333333333334,286.4,0.0
2026-01-06T19:30:00,checkout,/cart,5,0,96.4,127.0,0.0
2026-01-06T19:30:00,auth,/login,5,0,70.0,85.39999999999999,0.0
2026-01-06T19:30:00,catalog,/items,8,0,75.125,94.95,0.0
2026-01-06T19:30:00,catalog,/item/{id},11,2,55.09090909090909,72.0,0.18181818181818182
2026-01-06T19:30:00,auth,/verify,7,0,34.857142857142854,46.099999999999994,0.0
2026-01-06T19:30:00,auth,/logout,11,0,47.54545454545455,58.0,0.0
2026-01-06T19:30:00,catalog,/search,6,0,148.33333333333334,182.75,0.0
2026-01-06T19:31:00,payments,/status,6,0,68.66666666666667,77.25,0.0
2026-01-06T19:31:00,payments,/refund,3,0,191.33333333333334,243.1,0.0
2026-01-06T19:31:00,checkout,/checkout,2,0,277.5,295.05,0.0
2026-01-06T19:31:00,checkout,/cart/add,9,0,120.88888888888889,170.4,0.0
2026-01-06T19:31:00,checkout,/cart,10,0,94.1,131.79999999999998,0.0
2026-01-06T19:31:00,payments,/pay,2,0,2660.5,2691.55,0.0
2026-01-06T19:31:00,catalog,/items,5,0,74.8,110.8,0.0
2026-01-06T19:31:00,catalog,/item/{id},7,0,65.28571428571429,77.3,0.0
2026-01-06T19:31:00,auth,/verify,5,0,30.0,44.0,0.0
2026-01-06T19:31:00,auth,/logout,6,0,44.666666666666664,47.25,0.0
2026-01-06T19:31:00,auth,/login,8,0,74.625,86.6,0.0
2026-01-06T19:31:00,catalog,/search,13,0,132.07692307692307,157.79999999999998,0.0
2026-01-06T19:32:00,payments,/refund,8,0,184.5,246.9,0.0
2026-01-06T19:32:00,payments,/pay,3,2,3264.3333333333335,3533.6,0.6666666666666666
2026-01-06T19:32:00,checkout,/checkout,6,0,231.66666666666666,288.25,0.0
2026-01-06T19:32:00,checkout,/cart/add,7,0,106.42857142857143,171.49999999999997,0.0
2026-01-06T19:32:00,checkout,/cart,6,0,108.83333333333333,139.25,0.0
2026-01-06T19:32:00,catalog,/item/{id},13,0,52.38461538461539,74.8,0.0
2026-01-06T19:32:00,catalog,/items,11,0,85.18181818181819,114.0,0.0
2026-01-06T19:32:00,auth,/verify,6,0,36.166666666666664,42.0,0.0
2026-01-06T19:32:00,auth,/logout,13,1,46.46153846153846,63.59999999999999,0.07692307692307693
2026-01-06T19:32:00,auth,/login,7,0,76.85714285714286,89.0,0.0
2026-01-06T19:32:00,payments,/status,2,0,60.0,65.4,0.0
2026-01-06T19:32:00,catalog,/search,11,1,153.45454545454547,203.0,0.09090909090909091
2026-01-06T19:33:00,payments,/pay,3,2,3174.6666666666665,4719.0,0.6666666666666666
2026-01-06T19:33:00,checkout,/checkout,5,0,177.6,275.4,0.0
2026-01-06T19:33:00,payments,/status,4,0,73.75,93.85,0.0
2026-01-06T19:33:00,checkout,/cart/add,5,0,129.6,161.0,0.0
2026-01-06T19:33:00,payments,/refund,1,0,172.0,172.0,0.0
2026-01-06T19:33:00,checkout,/cart,3,0,110.33333333333333,139.7,0.0
2026-01-06T19:33:00,catalog,/search,8,0,138.75,181.6,0.0
2026-01-06T19:33:00,catalog,/items,13,0,74.84615384615384,106.19999999999999,0.0
2026-01-06T19:33:00,catalog,/item/{id},11,0,52.0,73.5,0.0
2026-01-06T19:33:00,auth,/verify,8,0,32.75,49.3,0.0
2026-01-06T19:33:00,auth,/logout,7,0,49.42857142857143,59.7,0.0
2026-01-06T19:33:00,auth,/login,7,0,77.42857142857143,90.19999999999999,0.0
2026-01-06T19:34:00,payments,/refund,4,0,212.5,224.35,0.0
2026-01-06T19:34:00,payments,/pay,5,0,3777.2,6067.2,0.0
2026-01-06T19:34:00,checkout,/checkout,8,0,194.5,256.45,0.0
2026-01-06T19:34:00,checkout,/cart/add,12,0,119.33333333333333,156.25,0.0
2026-01-06T19:34:00,checkout,/cart,7,0,105.0,137.5,0.0
2026-01-06T19:34:00,payments,/status,1,0,99.0,99.0,0.0
2026-01-06T19:34:00,catalog,/items,6,0,79.66666666666667,105.5,0.0
2026-01-06T19:34:00,catalog,/item/{id},13,0,55.92307692307692,70.4,0.0
2026-01-06T19:34:00,auth,/verify,5,0,30.8,44.199999999999996,0.0
2026-01-06T19:34:00,auth,/logout,6,0,37.833333333333336,47.25,0.0
2026-01-06T19:34:00,auth,/login,8,0,79.5,99.65,0.0
2026-01-06T19:34:00,catalog,/search,21,0,149.76190476190476,191.0,0.0
2026-01-06T19:35:00,payments,/status,2,0,54.5,60.35,0.0
2026-01-06T19:35:00,payments,/refund,1,0,135.0,135.0,0.0
2026-01-06T19:35:00,payments,/pay,5,0,248.2,339.0,0.0
2026-01-06T19:35:00,checkout,/checkout,9,0,194.77777777777777,295.0,0.0
2026-01-06T19:35:00,checkout,/cart/add,6,0,119.33333333333333,164.25,0.0
2026-01-06T19:35:00,checkout,/cart,6,0,106.83333333333333,135.5,0.0
2026-01-06T19:35:00,catalog,/search,9,0,141.55555555555554,179.79999999999998,0.0
2026-01-06T19:35:00,catalog,/item/{id},16,0,58.375,76.0,0.0
2026-01-06T19:35:00,auth,/verify,7,0,29.285714285714285,39.5,0.0
2026-01-06T19:35:00,auth,/logout,5,0,45.6,53.6,0.0
2026-01-06T19:35:00,auth,/login,8,0,78.75,96.95,0.0
2026-01-06T19:35:00,catalog,/items,13,1,85.46153846153847,122.39999999999998,0.07692307692307693
2026-01-06T19:36:00,checkout,/cart/add,4,0,121.25,157.25,0.0
2026-01-06T19:36:00,payments,/refund,4,0,164.25,208.35,0.0
2026-01-06T19:36:00,payments,/pay,10,0,218.7,316.65,0.0
2026-01-06T19:36:00,checkout,/checkout,8,0,211.0,288.05,0.0
2026-01-06T19:36:00,checkout,/cart,4,0,81.0,98.69999999999999,0.0
2026-01-06T19:36:00,payments,/status,2,0,69.5,77.15,0.0
2026-01-06T19:36:00,catalog,/items,9,0,77.0,107.0,0.0
2026-01-06T19:36:00,auth,/login,8,0,71.625,88.74999999999999,0.0
2026-01-06T19:36:00,auth,/logout,9,0,46.22222222222222,56.6,0.0
2026-01-06T19:36:00,catalog,/search,8,0,110.375,153.49999999999997,0.0
2026-01-06T19:36:00,catalog,/item/{id},13,0,58.84615384615385,79.0,0.0
2026-01-06T19:36:00,auth,/verify,13,0,32.84615384615385,49.4,0.0
2026-01-06T19:37:00,payments,/refund,4,0,153.5,210.54999999999998,0.0
2026-01-06T19:37:00,payments,/pay,3,0,311.3333333333333,339.2,0.0
2026-01-06T19:37:00,checkout,/checkout,2,0,235.0,237.7,0.0
2026-01-06T19:37:00,checkout,/cart,7,0,90.42857142857143,123.29999999999998,0.0
2026-01-06T19:37:00,checkout,/cart/add,6,2,135.66666666666666,230.25,0.3333333333333333
2026-01-06T19:37:00,catalog,/item/{id},13,0,53.84615384615385,71.8,0.0
2026-01-06T19:37:00,auth,/verify,8,0,32.625,49.65,0.0
2026-01-06T19:37:00,auth,/logout,10,0,44.5,58.65,0.0
2026-01-06T19:37:00,auth,/login,9,0,72.66666666666667,91.19999999999999,0.0
2026-01-06T19:37:00,catalog,/items,13,0,77.07692307692308,113.4,0.0
2026-01-06T19:37:00,catalog,/search,7,0,115.0,150.0,0.0
2026-01-06T19:38:00,checkout,/cart,6,0,100.5,145.25,0.0
2026-01-06T19:38:00,payments,/status,7,0,72.14285714285714,88.89999999999999,0.0
2026-01-06T19:38:00,payments,/refund,1,0,215.0,215.0,0.0
2026-01-06T19:38:00,payments,/pay,4,0,237.0,331.79999999999995,0.0
2026-01-06T19:38:00,checkout,/checkout,7,0,208.28571428571428,275.9,0.0
2026-01-06T19:38:00,checkout,/cart/add,5,0,105.8,114.0,0.0
2026-01-06T19:38:00,catalog,/search,12,0,130.33333333333334,180.04999999999998,0.0
2026-01-06T19:38:00,catalog,/item/{id},10,0,55.7,78.64999999999999,0.0
2026-01-06T19:38:00,auth,/verify,4,0,28.5,34.7,0.0
2026-01-06T19:38:00,auth,/logout,6,0,45.5,56.25,0.0
2026-01-06T19:38:00,auth,/login,13,0,75.15384615384616,98.4,0.0
2026-01-06T19:38:00,catalog,/items,4,0,80.75,109.29999999999998,0.0
2026-01-06T19:39:00,payments,/status,3,0,78.33333333333333,89.1,0.0
2026-01-06T19:39:00,payments,/refund,5,1,194.0,263.59999999999997,0.2
2026-01-06T19:39:00,payments,/pay,4,0,302.5,379.2,0.0
2026-01-06T19:39:00,checkout,/checkout,3,0,173.33333333333334,234.0,0.0
2026-01-06T19:39:00,checkout,/cart/add,2,0,109.0,117.1,0.0
2026-01-06T19:39:00,checkout,/cart,3,0,129.66666666666666,143.2,0.0
2026-01-06T19:39:00,catalog,/search,6,0,119.0,169.25,0.0
2026-01-06T19:39:00,catalog,/item/{id},8,0,54.25,70.5,0.0
2026-01-06T19:39:00,auth,/verify,7,0,34.714285714285715,46.5,0.0
2026-01-06T19:39:00,auth,/logout,8,0,43.375,52.949999999999996,0.0
2026-01-06T19:39:00,auth,/login,6,0,71.66666666666667,81.5,0.0
2026-01-06T19:39:00,catalog,/items,18,0,77.55555555555556,113.75,0.0
2026-01-06T19:40:00,checkout,/cart,10,0,87.1,110.64999999999999,0.0
2026-01-06T19:40:00,payments,/pay,6,0,289.6666666666667,368.75,0.0
2026-01-06T19:40:00,checkout,/checkout,4,0,164.25,188.1,0.0
2026-01-06T19:40:00,checkout,/cart/add,12,0,111.75,156.45,0.0
2026-01-06T19:40:00,catalog,/search,6,1,152.33333333333334,188.0,0.16666666666666666
2026-01-06T19:40:00,payments,/status,2,0,78.0,83.4,0.0
2026-01-06T19:40:00,catalog,/item/{id},5,0,65.4,76.8,0.0
2026-01-06T19:40:00,auth,/verify,8,0,37.375,47.55,0.0
2026-01-06T19:40:00,auth,/logout,6,0,51.833333333333336,58.0,0.0
2026-01-06T19:40:00,auth,/login,15,0,74.86666666666666,94.3,0.0
2026-01-06T19:40:00,catalog,/items,13,0,76.6923076923077,105.99999999999997,0.0
2026-01-06T19:41:00,checkout,/checkout,5,0,228.0,284.59999999999997,0.0
2026-01-06T19:41:00,checkout,/cart/add,8,0,117.0,171.64999999999998,0.0
2026-01-06T19:41:00,payments,/status,2,1,69.0,83.4,0.5
2026-01-06T19:41:00,payments,/pay,8,0,260.75,387.3,0.0
2026-01-06T19:41:00,checkout,/cart,7,0,106.28571428571429,117.0,0.0
2026-01-06T19:41:00,payments,/refund,7,1,217.71428571428572,326.5999999999999,0.14285714285714285
2026-01-06T19:41:00,catalog,/items,5,0,71.6,94.0,0.0
2026-01-06T19:41:00,auth,/login,5,0,74.8,91.6,0.0
2026-01-06T19:41:00,auth,/logout,6,0,41.833333333333336,55.5,0.0
2026-01-06T19:41:00,catalog,/search,11,0,136.45454545454547,192.5,0.0
2026-01-06T19:41:00,auth,/verify,10,0,36.9,47.55,0.0
2026-01-06T19:41:00,catalog,/item/{id},16,0,53.5625,74.0,0.0
2026-01-06T19:42:00,payments,/status,2,0,78.0,89.7,0.0
2026-01-06T19:42:00,payments,/refund,2,0,137.5,171.25,0.0
2026-01-06T19:42:00,payments,/pay,5,0,304.2,386.0,0.0
2026-01-06T19:42:00,checkout,/checkout,5,0,173.2,234.0,0.0
2026-01-06T19:42:00,checkout,/cart,11,0,89.36363636363636,121.5,0.0
2026-01-06T19:42:00,checkout,/cart/add,5,0,136.2,167.6,0.0
2026-01-06T19:42:00,catalog,/items,12,0,72.33333333333333,101.8,0.0
2026-01-06T19:42:00,catalog,/item/{id},11,0,57.72727272727273,76.5,0.0
2026-01-06T19:42:00,auth,/verify,8,0,33.125,47.55,0.0
2026-01-06T19:42:00,auth,/logout,6,0,48.5,58.75,0.0
2026-01-06T19:42:00,auth,/login,5,0,73.6,90.2,0.0
2026-01-06T19:42:00,catalog,/search,13,0,136.84615384615384,196.2,0.0
2026-01-06T19:43:00,checkout,/checkout,5,1,197.2,235.6,0.2
2026-01-06T19:43:00,payments,/status,2,0,81.5,93.65,0.0
2026-01-06T19:43:00,payments,/refund,4,0,170.25,213.1,0.0
2026-01-06T19:43:00,payments,/pay,3,0,246.0,295.0,0.0
2026-01-06T19:43:00,checkout,/cart,6,0,88.83333333333333,122.5,0.0
2026-01-06T19:43:00,checkout,/cart/add,8,0,122.375,154.25,0.0
2026-01-06T19:43:00,catalog,/items,15,0,77.46666666666667,117.6,0.0
2026-01-06T19:43:00,catalog,/item/{id},8,0,41.25,58.39999999999999,0.0
2026-01-06T19:43:00,auth,/verify,5,0,36.6,43.8,0.0
2026-01-06T19:43:00,auth,/logout,6,0,50.833333333333336,57.0,0.0
2026-01-06T19:43:00,auth,/login,7,0,76.42857142857143,94.49999999999999,0.0
2026-01-06T19:43:00,catalog,/search,11,1,144.27272727272728,209.5,0.09090909090909091
2026-01-06T19:44:00,payments,/status,2,0,60.0,71.7,0.0
2026-01-06T19:44:00,payments,/refund,2,0,179.5,220.45,0.0
2026-01-06T19:44:00,payments,/pay,4,0,292.75,358.0,0.0
2026-01-06T19:44:00,checkout,/checkout,5,0,213.4,256.6,0.0
2026-01-06T19:44:00,checkout,/cart/add,6,1,136.83333333333334,173.25,0.16666666666666666
2026-01-06T19:44:00,checkout,/cart,4,0,101.0,138.15,0.0
2026-01-06T19:44:00,catalog,/search,11,1,122.27272727272727,174.5,0.09090909090909091
2026-01-06T19:44:00,catalog,/item/{id},10,0,64.0,77.3,0.0
2026-01-06T19:44:00,auth,/verify,5,1,38.8,70.19999999999999,0.2
2026-01-06T19:44:00,auth,/logout,7,0,44.857142857142854,57.8,0.0
2026-01-06T19:44:00,auth,/login,11,0,75.18181818181819,90.5,0.0
2026-01-06T19:44:00,catalog,/items,6,0,91.16666666666667,117.0,0.0
2026-01-06T19:45:00,checkout,/checkout,7,0,218.28571428571428,295.9,0.0
2026-01-06T19:45:00,payments,/status,7,0,75.85714285714286,97.1,0.0
2026-01-06T19:45:00,payments,/refund,3,0,188.0,227.2,0.0
2026-01-06T19:45:00,payments,/pay,5,0,284.4,366.2,0.0
2026-01-06T19:45:00,checkout,/cart,3,0,109.33333333333333,141.1,0.0
2026-01-06T19:45:00,checkout,/cart/add,4,0,150.0,177.7,0.0
2026-01-06T19:45:00,catalog,/items,10,0,72.1,99.69999999999999,0.0
2026-01-06T19:45:00,auth,/login,7,0,78.85714285714286,93.7,0.0
2026-01-06T19:45:00,auth,/logout,3,0,47.333333333333336,51.0,0.0
2026-01-06T19:45:00,catalog,/search,7,0,145.85714285714286,191.0,0.0
2026-01-06T19:45:00,catalog,/item/{id},7,0,61.57142857142857,78.1,0.0
2026-01-06T19:45:00,auth,/verify,9,0,33.888888888888886,44.8,0.0
2026-01-06T19:46:00,payments,/status,7,0,67.57142857142857,86.79999999999998,0.0
2026-01-06T19:46:00,payments,/refund,4,0,226.0,233.85,0.0
2026-01-06T19:46:00,payments,/pay,2,0,379.0,379.0,0.0
2026-01-06T19:46:00,checkout,/checkout,3,0,124.66666666666667,147.9,0.0
2026-01-06T19:46:00,checkout,/cart,12,0,87.5,137.75,0.0
2026-01-06T19:46:00,checkout,/cart/add,3,0,103.66666666666667,151.2,0.0
2026-01-06T19:46:00,catalog,/items,14,0,73.21428571428571,114.4,0.0
2026-01-06T19:46:00,catalog,/item/{id},10,0,52.0,66.75,0.0
2026-01-06T19:46:00,auth,/verify,14,0,36.642857142857146,48.35,0.0
2026-01-06T19:46:00,auth,/logout,9,0,38.77777777777778,44.0,0.0
2026-01-06T19:46:00,auth,/login,9,0,80.22222222222223,97.0,0.0
2026-01-06T19:46:00,catalog,/search,12,0,148.0,188.64999999999998,0.0
2026-01-06T19:47:00,payments,/status,3,0,55.666666666666664,67.89999999999999,0.0
2026-01-06T19:47:00,payments,/refund,4,0,198.25,240.95,0.0
2026-01-06T19:47:00,payments,/pay,4,0,274.0,345.5,0.0
2026-01-06T19:47:00,checkout,/checkout,4,0,201.0,239.54999999999998,0.0
2026-01-06T19:47:00,checkout,/cart/add,6,0,135.5,157.25,0.0
2026-01-06T19:47:00,checkout,/cart,5,0,83.4,123.6,0.0
2026-01-06T19:47:00,catalog,/search,17,0,155.94117647058823,196.0,0.0
2026-01-06T19:47:00,catalog,/item/{id},10,0,54.9,74.3,0.0
2026-01-06T19:47:00,auth,/verify,5,0,36.4,47.0,0.0
2026-01-06T19:47:00,auth,/logout,10,0,47.3,58.65,0.0
2026-01-06T19:47:00,auth,/login,10,0,68.8,87.44999999999997,0.0
2026-01-06T19:47:00,catalog,/items,14,0,81.5,109.8,0.0
2026-01-06T19:48:00,payments,/status,3,0,71.66666666666667,93.89999999999999,0.0
2026-01-06T19:48:00,payments,/refund,4,0,186.25,234.2,0.0
2026-01-06T19:48:00,payments,/pay,5,0,258.4,363.0,0.0
2026-01-06T19:48:00,checkout,/checkout,5,0,141.8,216.0,0.0
2026-01-06T19:48:00,checkout,/cart/add,7,0,136.28571428571428,171.8,0.0
2026-01-06T19:48:00,checkout,/cart,2,0,121.0,131.8,0.0
2026-01-06T19:48:00,catalog,/items,9,0,72.44444444444444,104.2,0.0
2026-01-06T19:48:00,catalog,/item/{id},9,0,55.666666666666664,73.19999999999999,0.0
2026-01-06T19:48:00,auth,/verify,4,0,41.0,46.25,0.0
2026-01-06T19:48:00,auth,/logout,5,0,35.6,40.4,0.0
2026-01-06T19:48:00,auth,/login,9,0,80.0,97.2,0.0
2026-01-06T19:48:00,catalog,/search,14,0,149.71428571428572,199.0,0.0
2026-01-06T19:49:00,checkout,/cart/add,5,0,132.8,177.6,0.0
2026-01-06T19:49:00,payments,/status,4,0,53.75,69.89999999999999,0.0
2026-01-06T19:49:00,payments,/refund,1,0,227.0,227.0,0.0
2026-01-06T19:49:00,payments,/pay,4,1,338.75,390.65,0.25
2026-01-06T19:49:00,checkout,/checkout,5,0,230.8,284.0,0.0
2026-01-06T19:49:00,checkout,/cart,4,0,94.0,115.69999999999999,0.0
2026-01-06T19:49:00,auth,/logout,5,0,47.4,58.6,0.0
2026-01-06T19:49:00,catalog,/items,8,0,90.375,117.65,0.0
2026-01-06T19:49:00,catalog,/item/{id},11,0,43.18181818181818,61.5,0.0
2026-01-06T19:49:00,auth,/verify,16,0,32.375,47.0,0.0
2026-01-06T19:49:00,catalog,/search,17,0,138.52941176470588,178.2,0.0
2026-01-06T19:49:00,auth,/login,6,0,74.83333333333333,90.75,0.0
2026-01-06T19:50:00,payments,/status,6,0,69.16666666666667,91.75,0.0
2026-01-06T19:50:00,payments,/refund,6,0,177.83333333333334,224.5,0.0
2026-01-06T19:50:00,payments,/pay,3,0,215.66666666666666,252.4,0.0
2026-01-06T19:50:00,checkout,/checkout,5,0,180.6,244.6,0.0
2026-01-06T19:50:00,checkout,/cart/add,7,0,132.28571428571428,169.5,0.0
2026-01-06T19:50:00,checkout,/cart,3,0,82.0,124.3,0.0
2026-01-06T19:50:00,catalog,/search,8,0,149.0,189.25,0.0
2026-01-06T19:50:00,catalog,/items,10,0,69.4,113.0,0.0
2026-01-06T19:50:00,catalog,/item/{id},6,0,60.833333333333336,73.0,0.0
2026-01-06T19:50:00,auth,/verify,11,0,33.18181818181818,45.5,0.0
2026-01-06T19:50:00,auth,/logout,6,0,46.5,57.25,0.0
2026-01-06T19:50:00,auth,/login,8,0,84.875,98.3,0.0
2026-01-06T19:51:00,payments,/status,4,0,57.0,77.24999999999999,0.0
2026-01-06T19:51:00,payments,/refund,4,0,173.75,236.14999999999998,0.0
2026-01-06T19:51:00,payments,/pay,5,0,248.8,292.8,0.0
2026-01-06T19:51:00,checkout,/checkout,12,0,183.16666666666666,256.79999999999995,0.0
2026-01-06T19:51:00,checkout,/cart/add,9,0,124.0,169.2,0.0
2026-01-06T19:51:00,checkout,/cart,4,0,91.0,121.0,0.0
2026-01-06T19:51:00,catalog,/items,12,0,83.25,112.6,0.0
2026-01-06T19:51:00,catalog,/item/{id},10,0,58.4,75.3,0.0
2026-01-06T19:51:00,auth,/verify,12,0,38.833333333333336,48.9,0.0
2026-01-06T19:51:00,auth,/logout,9,1,52.0,70.8,0.1111111111111111
2026-01-06T19:51:00,auth,/login,6,1,80.33333333333333,94.0,0.16666666666666666
2026-01-06T19:51:00,catalog,/search,12,2,135.0,264.0999999999999,0.16666666666666666
2026-01-06T19:52:00,catalog,/search,5,0,154.8,197.6,0.0
2026-01-06T19:52:00,payments,/status,2,0,79.5,83.55,0.0
2026-01-06T19:52:00,payments,/refund,5,0,196.2,238.0,0.0
2026-01-06T19:52:00,payments,/pay,6,0,225.0,298.75,0.0
2026-01-06T19:52:00,checkout,/checkout,3,1,286.6666666666667,370.59999999999997,0.3333333333333333
2026-01-06T19:52:00,checkout,/cart/add,7,0,115.42857142857143,158.2,0.0
2026-01-06T19:52:00,catalog,/item/{id},10,0,58.0,71.1,0.0
2026-01-06T19:52:00,catalog,/items,9,0,80.44444444444444,116.6,0.0
2026-01-06T19:52:00,auth,/verify,10,1,40.3,62.74999999999997,0.1
2026-01-06T19:52:00,auth,/logout,6,0,40.0,47.0,0.0
2026-01-06T19:52:00,auth,/login,8,0,69.625,86.65,0.0
2026-01-06T19:52:00,checkout,/cart,7,1,94.71428571428571,124.29999999999998,0.14285714285714285
2026-01-06T19:53:00,checkout,/checkout,4,0,221.5,262.15,0.0
2026-01-06T19:53:00,payments,/pay,4,0,315.25,366.4,0.0
2026-01-06T19:53:00,checkout,/cart/add,4,0,127.0,173.7,0.0
2026-01-06T19:53:00,payments,/status,3,0,60.666666666666664,71.3,0.0
2026-01-06T19:53:00,payments,/refund,4,0,185.75,205.25,0.0
2026-01-06T19:53:00,checkout,/cart,8,0,107.25,147.54999999999998,0.0
2026-01-06T19:53:00,auth,/login,5,0,66.8,72.6,0.0
2026-01-06T19:53:00,catalog,/items,7,0,71.14285714285714,110.79999999999998,0.0
2026-01-06T19:53:00,catalog,/item/{id},9,0,60.111111111111114,79.0,0.0
2026-01-06T19:53:00,auth,/verify,5,0,26.0,34.4,0.0
2026-01-06T19:53:00,auth,/logout,7,0,42.0,55.0,0.0
2026-01-06T19:53:00,catalog,/search,17,0,132.2941176470588,185.39999999999998,0.0
2026-01-06T19:54:00,payments,/status,3,0,73.0,92.7,0.0
2026-01-06T19:54:00,payments,/refund,1,0,158.0,158.0,0.0
2026-01-06T19:54:00,payments,/pay,2,0,261.5,341.15,0.0
2026-01-06T19:54:00,checkout,/checkout,2,0,156.0,202.79999999999998,0.0
2026-01-06T19:54:00,checkout,/cart/add,11,0,104.27272727272727,174.5,0.0
2026-01-06T19:54:00,checkout,/cart,7,0,80.85714285714286,102.19999999999999,0.0
2026-01-06T19:54:00,catalog,/items,10,0,86.3,112.85,0.0
2026-01-06T19:54:00,catalog,/item/{id},14,0,56.785714285714285,69.7,0.0
2026-01-06T19:54:00,auth,/verify,4,0,32.75,41.0,0.0
2026-01-06T19:54:00,auth,/logout,7,0,46.857142857142854,51.0,0.0
2026-01-06T19:54:00,auth,/login,10,0,78.2,97.64999999999999,0.0
2026-01-06T19:54:00,catalog,/search,10,0,128.3,165.95,0.0
2026-01-06T19:55:00,checkout,/cart/add,2,0,140.0,154.4,0.0
2026-01-06T19:55:00,payments,/status,2,0,71.0,71.0,0.0
2026-01-06T19:55:00,payments,/refund,5,0,163.4,230.6,0.0
2026-01-06T19:55:00,payments,/pay,4,0,270.75,315.75,0.0
2026-01-06T19:55:00,checkout,/checkout,9,0,181.11111111111111,270.6,0.0
2026-01-06T19:55:00,checkout,/cart,4,1,88.0,135.45,0.25
2026-01-06T19:55:00,auth,/login,8,0,74.0,95.55,0.0
2026-01-06T19:55:00,catalog,/items,13,0,74.76923076923077,103.0,0.0
2026-01-06T19:55:00,catalog,/item/{id},11,0,54.72727272727273,77.0,0.0
2026-01-06T19:55:00,auth,/verify,7,0,32.42857142857143,44.4,0.0
2026-01-06T19:55:00,auth,/logout,8,0,49.25,59.65,0.0
2026-01-06T19:55:00,catalog,/search,16,1,144.6875,209.25,0.0625
2026-01-06T19:56:00,checkout,/cart/add,3,0,131.0,146.4,0.0
2026-01-06T19:56:00,payments,/status,4,0,71.75,94.75,0.0
2026-01-06T19:56:00,payments,/refund,2,0,202.0,207.4,0.0
2026-01-06T19:56:00,payments,/pay,7,0,237.0,342.29999999999995,0.0
2026-01-06T19:56:00,checkout,/checkout,7,0,187.0,277.59999999999997,0.0
2026-01-06T19:56:00,checkout,/cart,8,0,108.25,150.0,0.0
2026-01-06T19:56:00,catalog,/items,11,0,84.63636363636364,106.0,0.0
2026-01-06T19:56:00,catalog,/search,9,0,135.88888888888889,185.0,0.0
2026-01-06T19:56:00,catalog,/item/{id},9,0,63.333333333333336,73.4,0.0
2026-01-06T19:56:00,auth,/verify,5,0,32.0,41.2,0.0
2026-01-06T19:56:00,auth,/logout,5,0,45.4,52.0,0.0
2026-01-06T19:56:00,auth,/login,1,0,67.0,67.0,0.0
2026-01-06T19:57:00,payments,/refund,3,0,186.33333333333334,216.6,0.0
2026-01-06T19:57:00,payments,/pay,5,0,239.4,355.6,0.0
2026-01-06T19:57:00,checkout,/checkout,4,1,204.5,258.34999999999997,0.25
2026-01-06T19:57:00,checkout,/cart/add,5,1,122.0,163.2,0.2
2026-01-06T19:57:00,checkout,/cart,2,0,78.0,90.6,0.0
2026-01-06T19:57:00,payments,/status,7,0,73.28571428571429,97.1,0.0
2026-01-06T19:57:00,catalog,/items,13,0,87.53846153846153,116.8,0.0
2026-01-06T19:57:00,catalog,/item/{id},9,0,52.888888888888886,71.2,0.0
2026-01-06T19:57:00,auth,/verify,6,0,27.5,32.5,0.0
2026-01-06T19:57:00,auth,/logout,8,0,45.0,57.949999999999996,0.0
2026-01-06T19:57:00,auth,/login,9,0,79.11111111111111,97.2,0.0
2026-01-06T19:57:00,catalog,/search,11,0,159.8181818181818,195.0,0.0
2026-01-06T19:58:00,payments,/status,3,0,87.0,94.0,0.0
2026-01-06T19:58:00,payments,/refund,4,0,171.25,223.34999999999997,0.0
2026-01-06T19:58:00,payments,/pay,3,0,237.0,299.3,0.0
2026-01-06T19:58:00,checkout,/checkout,11,0,201.72727272727272,284.5,0.0
2026-01-06T19:58:00,checkout,/cart/add,6,0,135.0,174.75,0.0
2026-01-06T19:58:00,checkout,/cart,2,0,59.0,65.3,0.0
2026-01-06T19:58:00,catalog,/search,11,0,138.63636363636363,185.0,0.0
2026-01-06T19:58:00,catalog,/item/{id},13,2,62.46153846153846,116.59999999999991,0.15384615384615385
2026-01-06T19:58:00,auth,/verify,8,0,31.375,45.199999999999996,0.0
2026-01-06T19:58:00,auth,/logout,5,0,37.0,43.8,0.0
2026-01-06T19:58:00,auth,/login,12,0,80.58333333333333,97.9,0.0
2026-01-06T19:58:00,catalog,/items,13,0,91.53846153846153,117.19999999999999,0.0
2026-01-06T19:59:00,checkout,/cart,9,0,92.77777777777777,126.2,0.0
2026-01-06T19:59:00,payments,/refund,4,0,184.0,226.4,0.0
2026-01-06T19:59:00,checkout,/checkout,2,0,243.0,265.5,0.0
2026-01-06T19:59:00,checkout,/cart/add,8,1,138.0,257.3499999999999,0.125
2026-01-06T19:59:00,catalog,/search,6,0,147.66666666666666,190.5,0.0
2026-01-06T19:59:00,payments,/status,3,0,81.33333333333333,97.7,0.0
2026-01-06T19:59:00,catalog,/item/{id},11,0,51.45454545454545,76.5,0.0
2026-01-06T19:59:00,catalog,/items,8,0,79.75,112.35,0.0
2026-01-06T19:59:00,auth,/login,11,1,86.81818181818181,112.0,0.09090909090909091
2026-01-06T19:59:00,payments,/pay,2,0,232.5,271.65,0.0
2026-01-06T19:59:00,auth,/logout,10,0,49.8,58.0,0.0
2026-01-06T19:59:00,auth,/verify,6,0,28.0,36.25,0.0
2026-01-06T20:00:00,payments,/status,3,0,80.66666666666667,93.6,0.0
2026-01-06T20:00:00,payments,/refund,3,0,158.33333333333334,237.29999999999998,0.0
2026-01-06T20:00:00,payments,/pay,4,0,226.75,304.99999999999994,0.0
2026-01-06T20:00:00,checkout,/checkout,6,0,212.16666666666666,262.25,0.0
2026-01-06T20:00:00,checkout,/cart,6,0,119.0,149.25,0.0
2026-01-06T20:00:00,checkout,/cart/add,7,0,125.85714285714286,157.1,0.0
2026-01-06T20:00:00,catalog,/items,14,0,75.0,111.4,0.0
2026-01-06T20:00:00,catalog,/item/{id},8,0,50.75,73.85,0.0
2026-01-06T20:00:00,auth,/verify,7,0,33.857142857142854,41.7,0.0
2026-01-06T20:00:00,auth,/logout,5,0,39.6,49.0,0.0
2026-01-06T20:00:00,auth,/login,9,0,79.22222222222223,96.2,0.0
2026-01-06T20:00:00,catalog,/search,13,0,139.07692307692307,185.39999999999998,0.0
2026-01-06T20:01:00,checkout,/cart/add,1,0,169.0,169.0,0.0
2026-01-06T20:01:00,payments,/refund,4,0,189.5,232.89999999999998,0.0
2026-01-06T20:01:00,payments,/pay,4,0,329.0,390.59999999999997,0.0
2026-01-06T20:01:00,checkout,/checkout,4,0,184.0,268.99999999999994,0.0
2026-01-06T20:01:00,payments,/status,5,0,74.6,98.2,0.0
2026-01-06T20:01:00,checkout,/cart,7,0,94.0,131.0,0.0
2026-01-06T20:01:00,catalog,/search,10,0,135.4,181.2,0.0
2026-01-06T20:01:00,catalog,/items,8,0,90.625,116.89999999999999,0.0
2026-01-06T20:01:00,auth,/login,7,0,75.57142857142857,96.8,0.0
2026-01-06T20:01:00,catalog,/item/{id},11,0,54.63636363636363,77.0,0.0
2026-01-06T20:01:00,auth,/verify,7,0,34.42857142857143,49.4,0.0
2026-01-06T20:01:00,auth,/logout,5,0,52.8,58.8,0.0
2026-01-06T20:02:00,auth,/login,12,0,74.83333333333333,97.8,0.0
2026-01-06T20:02:00,auth,/logout,7,0,45.42857142857143,56.599999999999994,0.0
2026-01-06T20:02:00,auth,/verify,7,0,33.857142857142854,44.7,0.0
2026-01-06T20:02:00,payments,/status,5,0,68.8,85.6,0.0
2026-01-06T20:02:00,catalog,/items,14,0,93.35714285714286,115.35,0.0
2026-01-06T20:02:00,catalog,/search,10,0,127.8,180.75,0.0
2026-01-06T20:02:00,checkout,/cart,7,1,90.85714285714286,112.39999999999999,0.14285714285714285
2026-01-06T20:02:00,checkout,/cart/add,3,1,98.0,119.7,0.3333333333333333
2026-01-06T20:02:00,checkout,/checkout,5,0,206.6,279.8,0.0
2026-01-06T20:02:00,payments,/pay,2,0,243.0,266.4,0.0
2026-01-06T20:02:00,payments,/refund,3,0,164.0,200.6,0.0
2026-01-06T20:02:00,catalog,/item/{id},10,0,62.1,75.55,0.0
2026-01-06T20:03:00,checkout,/checkout,6,0,172.66666666666666,236.25,0.0
2026-01-06T20:03:00,payments,/status,4,0,69.25,86.25,0.0
2026-01-06T20:03:00,checkout,/cart/add,7,0,110.85714285714286,155.5,0.0
2026-01-06T20:03:00,payments,/refund,5,0,185.8,235.0,0.0
2026-01-06T20:03:00,checkout,/cart,5,0,91.6,119.0,0.0
2026-01-06T20:03:00,payments,/pay,2,0,307.5,365.55,0.0
2026-01-06T20:03:00,catalog,/items,16,0,74.875,116.75,0.0
2026-01-06T20:03:00,catalog,/item/{id},11,0,57.18181818181818,73.5,0.0
2026-01-06T20:03:00,auth,/verify,9,0,35.0,49.2,0.0
2026-01-06T20:03:00,catalog,/search,13,1,155.23076923076923,237.39999999999986,0.07692307692307693
2026-01-06T20:03:00,auth,/logout,9,0,46.666666666666664,55.6,0.0
2026-01-06T20:03:00,auth,/login,8,0,89.0,100.0,0.0
2026-01-06T20:04:00,payments,/status,4,0,69.75,86.7,0.0
2026-01-06T20:04:00,payments,/pay,4,0,240.25,323.75,0.0
2026-01-06T20:04:00,checkout,/checkout,4,0,178.0,224.7,0.0
2026-01-06T20:04:00,checkout,/cart/add,6,0,96.0,137.0,0.0
2026-01-06T20:04:00,checkout,/cart,7,0,83.42857142857143,112.79999999999998,0.0
2026-01-06T20:04:00,catalog,/items,17,0,78.05882352941177,115.6,0.0
2026-01-06T20:04:00,catalog,/item/{id},10,0,48.9,67.09999999999998,0.0
2026-01-06T20:04:00,auth,/verify,4,0,38.5,48.25,0.0
2026-01-06T20:04:00,auth,/logout,6,0,40.5,47.75,0.0
2026-01-06T20:04:00,auth,/login,15,1,72.86666666666666,97.0,0.06666666666666667
2026-01-06T20:04:00,catalog,/search,7,0,133.42857142857142,190.7,0.0
2026-01-06T20:05:00,checkout,/checkout,8,1,191.375,304.84999999999997,0.125
2026-01-06T20:05:00,payments,/status,6,0,64.0,83.5,0.0
2026-01-06T20:05:00,payments,/refund,3,0,172.33333333333334,212.5,0.0
2026-01-06T20:05:00,payments,/pay,4,0,311.5,355.0,0.0
2026-01-06T20:05:00,checkout,/cart/add,5,0,158.2,170.6,0.0
2026-01-06T20:05:00,checkout,/cart,8,0,108.25,148.65,0.0
2026-01-06T20:05:00,catalog,/items,11,0,76.27272727272727,106.0,0.0
2026-01-06T20:05:00,catalog,/item/{id},13,0,61.38461538461539,78.8,0.0
2026-01-06T20:05:00,auth,/verify,6,0,37.333333333333336,50.0,0.0
2026-01-06T20:05:00,auth,/logout,7,0,41.857142857142854,57.3,0.0
2026-01-06T20:05:00,auth,/login,9,0,77.11111111111111,98.4,0.0
2026-01-06T20:05:00,catalog,/search,14,0,148.42857142857142,185.8,0.0
2026-01-06T20:06:00,catalog,/search,10,0,129.2,183.95,0.0
2026-01-06T20:06:00,payments,/status,1,0,100.0,100.0,0.0
2026-01-06T20:06:00,payments,/refund,1,0,244.0,244.0,0.0
2026-01-06T20:06:00,payments,/pay,6,0,258.8333333333333,339.25,0.0
2026-01-06T20:06:00,checkout,/checkout,6,0,152.66666666666666,245.25,0.0
2026-01-06T20:06:00,checkout,/cart/add,6,0,114.5,164.0,0.0
2026-01-06T20:06:00,catalog,/item/{id},11,0,63.45454545454545,78.5,0.0
2026-01-06T20:06:00,catalog,/items,10,0,80.5,110.19999999999999,0.0
2026-01-06T20:06:00,auth,/verify,8,1,33.625,47.599999999999994,0.125
2026-01-06T20:06:00,auth,/logout,6,0,40.5,57.0,0.0
2026-01-06T20:06:00,auth,/login,2,0,66.5,67.85,0.0
2026-01-06T20:06:00,checkout,/cart,5,0,80.8,98.8,0.0
2026-01-06T20:07:00,payments,/status,9,1,85.55555555555556,117.99999999999999,0.1111111111111111
2026-01-06T20:07:00,checkout,/checkout,4,0,220.0,291.75,0.0
2026-01-06T20:07:00,checkout,/cart/add,6,0,120.66666666666667,164.75,0.0
2026-01-06T20:07:00,payments,/refund,2,0,220.0,223.6,0.0
2026-01-06T20:07:00,payments,/pay,5,0,267.0,358.8,0.0
2026-01-06T20:07:00,checkout,/cart,6,0,69.83333333333333,110.25,0.0
2026-01-06T20:07:00,catalog,/item/{id},11,0,55.81818181818182,76.5,0.0
2026-01-06T20:07:00,catalog,/items,12,1,86.66666666666667,145.24999999999994,0.08333333333333333
2026-01-06T20:07:00,auth,/verify,9,0,42.77777777777778,49.2,0.0
2026-01-06T20:07:00,auth,/logout,11,0,40.27272727272727,50.0,0.0
2026-01-06T20:07:00,auth,/login,11,0,80.0909090909091,98.0,0.0
2026-01-06T20:07:00,catalog,/search,8,0,136.5,166.85,0.0
2026-01-06T20:08:00,payments,/status,2,0,79.0,82.6,0.0
2026-01-06T20:08:00,payments,/refund,6,1,203.16666666666666,289.0,0.16666666666666666
2026-01-06T20:08:00,payments,/pay,4,0,332.5,393.09999999999997,0.0
2026-01-06T20:08:00,checkout,/checkout,3,0,270.6666666666667,290.6,0.0
2026-01-06T20:08:00,checkout,/cart/add,6,0,101.66666666666667,154.25,0.0
2026-01-06T20:08:00,checkout,/cart,4,0,110.75,142.4,0.0
2026-01-06T20:08:00,catalog,/items,11,1,83.63636363636364,115.5,0.09090909090909091
2026-01-06T20:08:00,catalog,/item/{id},12,0,52.5,72.6,0.0
2026-01-06T20:08:00,auth,/verify,3,0,37.0,47.699999999999996,0.0
2026-01-06T20:08:00,auth,/logout,6,0,42.0,53.25,0.0
2026-01-06T20:08:00,auth,/login,7,0,77.57142857142857,89.7,0.0
2026-01-06T20:08:00,catalog,/search,8,0,135.875,191.04999999999998,0.0
2026-01-06T20:09:00,checkout,/cart/add,3,0,114.0,158.29999999999998,0.0
2026-01-06T20:09:00,payments,/refund,4,0,175.5,200.55,0.0
2026-01-06T20:09:00,payments,/pay,2,0,227.0,272.9,0.0
2026-01-06T20:09:00,checkout,/checkout,2,0,162.5,190.85,0.0
2026-01-06T20:09:00,payments,/status,2,1,94.0,109.3,0.5
2026-01-06T20:09:00,checkout,/cart,9,0,103.33333333333333,147.6,0.0
2026-01-06T20:09:00,catalog,/item/{id},8,0,52.625,74.3,0.0
2026-01-06T20:09:00,catalog,/items,6,0,88.5,118.75,0.0
2026-01-06T20:09:00,auth,/verify,7,1,29.857142857142858,39.0,0.14285714285714285
2026-01-06T20:09:00,auth,/logout,8,0,46.25,57.65,0.0
2026-01-06T20:09:00,auth,/login,8,0,68.375,92.05,0.0
2026-01-06T20:09:00,catalog,/search,8,0,133.875,163.65,0.0
2026-01-06T20:10:00,payments,/refund,7,0,155.71428571428572,200.6,0.0
2026-01-06T20:10:00,payments,/pay,6,0,212.66666666666666,332.0,0.0
2026-01-06T20:10:00,checkout,/checkout,8,0,181.625,272.05,0.0
2026-01-06T20:10:00,checkout,/cart/add,3,0,127.33333333333333,153.6,0.0
2026-01-06T20:10:00,checkout,/cart,3,0,102.0,141.5,0.0
2026-01-06T20:10:00,catalog,/item/{id},18,0,57.388888888888886,80.0,0.0
2026-01-06T20:10:00,catalog,/items,10,0,82.7,116.0,0.0
2026-01-06T20:10:00,auth,/verify,11,0,35.72727272727273,46.5,0.0
2026-01-06T20:10:00,auth,/logout,10,0,47.0,60.0,0.0
2026-01-06T20:10:00,auth,/login,3,0,72.33333333333333,94.6,0.0
2026-01-06T20:10:00,payments,/status,5,0,69.2,89.0,0.0
2026-01-06T20:10:00,catalog,/search,9,0,132.33333333333334,181.79999999999998,0.0
2026-01-06T20:11:00,checkout,/checkout,9,0,190.66666666666666,250.2,0.0
2026-01-06T20:11:00,checkout,/cart/add,7,0,133.85714285714286,169.7,0.0
2026-01-06T20:11:00,payments,/refund,2,0,153.0,177.3,0.0
2026-01-06T20:11:00,payments,/pay,5,0,280.0,328.4,0.0
2026-01-06T20:11:00,payments,/status,2,0,71.0,89.89999999999999,0.0
2026-01-06T20:11:00,checkout,/cart,8,1,96.375,144.59999999999997,0.125
2026-01-06T20:11:00,catalog,/items,7,0,80.71428571428571,112.0,0.0
2026-01-06T20:11:00,catalog,/item/{id},11,1,58.90909090909091,75.0,0.09090909090909091
2026-01-06T20:11:00,auth,/verify,4,0,33.5,42.25,0.0
2026-01-06T20:11:00,auth,/logout,5,0,45.4,52.8,0.0
2026-01-06T20:11:00,auth,/login,9,0,68.0,90.8,0.0
2026-01-06T20:11:00,catalog,/search,12,0,131.25,172.45,0.0
2026-01-06T20:12:00,payments,/refund,1,0,107.0,107.0,0.0
2026-01-06T20:12:00,payments,/pay,3,0,320.0,391.9,0.0
2026-01-06T20:12:00,checkout,/checkout,6,0,152.83333333333334,208.5,0.0
2026-01-06T20:12:00,checkout,/cart/add,4,0,129.5,168.64999999999998,0.0
2026-01-06T20:12:00,checkout,/cart,10,0,83.5,132.14999999999998,0.0
2026-01-06T20:12:00,payments,/status,8,0,73.375,94.55,0.0
2026-01-06T20:12:00,catalog,/items,8,0,79.125,113.65,0.0
2026-01-06T20:12:00,catalog,/item/{id},15,0,59.8,79.3,0.0
2026-01-06T20:12:00,auth,/verify,9,0,38.0,49.6,0.0
2026-01-06T20:12:00,auth,/logout,9,0,39.44444444444444,54.0,0.0
2026-01-06T20:12:00,auth,/login,6,0,64.16666666666667,85.25,0.0
2026-01-06T20:12:00,catalog,/search,10,0,137.9,180.65,0.0
2026-01-06T20:13:00,payments,/status,1,0,40.0,40.0,0.0
2026-01-06T20:13:00,payments,/refund,1,0,217.0,217.0,0.0
2026-01-06T20:13:00,payments,/pay,3,0,251.0,336.59999999999997,0.0
2026-01-06T20:13:00,checkout,/checkout,3,0,253.66666666666666,286.9,0.0
2026-01-06T20:13:00,checkout,/cart/add,8,0,130.5,166.9,0.0
2026-01-06T20:13:00,checkout,/cart,6,0,91.83333333333333,113.5,0.0
2026-01-06T20:13:00,catalog,/search,7,0,147.57142857142858,182.6,0.0
2026-01-06T20:13:00,catalog,/item/{id},11,0,49.90909090909091,74.5,0.0
2026-01-06T20:13:00,auth,/verify,8,0,37.375,49.3,0.0
2026-01-06T20:13:00,auth,/logout,6,0,43.0,55.25,0.0
2026-01-06T20:13:00,auth,/login,7,0,72.57142857142857,98.7,0.0
2026-01-06T20:13:00,catalog,/items,6,0,64.16666666666667,89.25,0.0
2026-01-06T20:14:00,checkout,/cart/add,4,0,130.0,175.5,0.0
2026-01-06T20:14:00,payments,/refund,5,0,176.0,237.79999999999998,0.0
2026-01-06T20:14:00,payments,/pay,4,2,366.25,496.49999999999994,0.5
2026-01-06T20:14:00,checkout,/checkout,4,1,212.5,257.45,0.25
2026-01-06T20:14:00,checkout,/cart,8,0,100.0,145.45,0.0
2026-01-06T20:14:00,payments,/status,5,0,67.6,93.0,0.0
2026-01-06T20:14:00,catalog,/items,13,0,80.92307692307692,119.0,0.0
2026-01-06T20:14:00,auth,/login,8,0,65.875,89.1,0.0
2026-01-06T20:14:00,auth,/logout,5,0,48.2,58.8,0.0
2026-01-06T20:14:00,catalog,/search,6,0,124.5,154.75,0.0
2026-01-06T20:14:00,catalog,/item/{id},11,0,58.27272727272727,77.5,0.0
2026-01-06T20:14:00,auth,/verify,12,0,35.75,49.0,0.0
2026-01-06T20:15:00,payments,/status,4,0,67.75,87.85,0.0
2026-01-06T20:15:00,payments,/refund,3,0,160.33333333333334,197.6,0.0
2026-01-06T20:15:00,payments,/pay,2,0,179.0,180.8,0.0
2026-01-06T20:15:00,checkout,/checkout,6,1,188.66666666666666,242.25,0.16666666666666666
2026-01-06T20:15:00,checkout,/cart,6,0,84.66666666666667,123.5,0.0
2026-01-06T20:15:00,checkout,/cart/add,7,0,125.42857142857143,167.9,0.0
2026-01-06T20:15:00,catalog,/items,14,0,77.28571428571429,118.0,0.0
2026-01-06T20:15:00,catalog,/item/{id},13,0,53.30769230769231,72.8,0.0
2026-01-06T20:15:00,auth,/verify,9,0,33.0,43.6,0.0
2026-01-06T20:15:00,auth,/logout,10,0,42.4,58.199999999999996,0.0
2026-01-06T20:15:00,auth,/login,1,0,53.0,53.0,0.0
2026-01-06T20:15:00,catalog,/search,15,0,140.73333333333332,193.2,0.0
2026-01-06T20:16:00,payments,/status,5,0,67.2,79.0,0.0
2026-01-06T20:16:00,payments,/refund,3,0,118.66666666666667,127.8,0.0
2026-01-06T20:16:00,payments,/pay,4,0,365.0,394.05,0.0
2026-01-06T20:16:00,checkout,/checkout,7,0,158.0,254.99999999999994,0.0
2026-01-06T20:16:00,checkout,/cart/add,8,1,120.375,174.3,0.125
2026-01-06T20:16:00,checkout,/cart,6,0,103.33333333333333,134.0,0.0
2026-01-06T20:16:00,catalog,/search,11,0,130.27272727272728,180.5,0.0
2026-01-06T20:16:00,catalog,/item/{id},10,0,52.5,74.19999999999999,0.0
2026-01-06T20:16:00,auth,/verify,13,0,32.0,42.8,0.0
2026-01-06T20:16:00,auth,/logout,9,0,45.55555555555556,54.6,0.0
2026-01-06T20:16:00,auth,/login,5,0,77.6,94.6,0.0
2026-01-06T20:16:00,catalog,/items,13,0,72.38461538461539,106.0,0.0
2026-01-06T20:17:00,payments,/status,4,0,81.25,92.1,0.0
2026-01-06T20:17:00,payments,/refund,6,0,191.16666666666666,226.0,0.0
2026-01-06T20:17:00,payments,/pay,4,0,271.5,344.1,0.0
2026-01-06T20:17:00,checkout,/checkout,3,0,242.66666666666666,266.0,0.0
2026-01-06T20:17:00,checkout,/cart/add,7,0,120.0,155.2,0.0
2026-01-06T20:17:00,checkout,/cart,4,0,104.0,145.25,0.0
2026-01-06T20:17:00,catalog,/search,13,0,144.46153846153845,179.2,0.0
2026-01-06T20:17:00,catalog,/item/{id},8,0,52.75,67.95,0.0
2026-01-06T20:17:00,auth,/verify,8,0,34.25,44.949999999999996,0.0
2026-01-06T20:17:00,auth,/logout,11,0,48.18181818181818,58.5,0.0
2026-01-06T20:17:00,auth,/login,7,0,66.71428571428571,75.0,0.0
2026-01-06T20:17:00,catalog,/items,11,0,76.36363636363636,99.0,0.0
2026-01-06T20:18:00,checkout,/cart/add,7,0,113.14285714285714,161.6,0.0
2026-01-06T20:18:00,payments,/status,5,0,71.0,84.6,0.0
2026-01-06T20:18:00,payments,/pay,5,0,282.4,337.4,0.0
2026-01-06T20:18:00,checkout,/checkout,7,0,217.14285714285714,273.1,0.0
2026-01-06T20:18:00,checkout,/cart,7,0,103.0,146.0,0.0
2026-01-06T20:18:00,payments,/refund,5,0,179.8,208.2,0.0
2026-01-06T20:18:00,catalog,/items,10,0,83.7,114.19999999999999,0.0
2026-01-06T20:18:00,auth,/login,7,0,79.28571428571429,95.5,0.0
2026-01-06T20:18:00,auth,/logout,8,1,49.0,71.35,0.125
2026-01-06T20:18:00,catalog,/search,13,2,158.07692307692307,207.79999999999995,0.15384615384615385
2026-01-06T20:18:00,catalog,/item/{id},10,0,58.2,75.55,0.0
2026-01-06T20:18:00,auth,/verify,7,0,27.571428571428573,34.8,0.0
2026-01-06T20:19:00,payments,/status,5,0,72.0,87.0,0.0
2026-01-06T20:19:00,payments,/refund,2,0,155.0,200.9,0.0
2026-01-06T20:19:00,payments,/pay,3,0,249.0,265.8,0.0
2026-01-06T20:19:00,checkout,/checkout,6,0,151.5,255.25,0.0
2026-01-06T20:19:00,checkout,/cart/add,5,0,121.0,155.79999999999998,0.0
2026-01-06T20:19:00,checkout,/cart,5,0,100.6,130.2,0.0
2026-01-06T20:19:00,catalog,/items,6,0,88.0,110.75,0.0
2026-01-06T20:19:00,catalog,/item/{id},5,0,52.4,63.4,0.0
2026-01-06T20:19:00,auth,/verify,12,0,33.416666666666664,46.25,0.0
2026-01-06T20:19:00,auth,/logout,5,1,49.6,94.19999999999999,0.2
2026-01-06T20:19:00,auth,/login,6,0,71.83333333333333,90.75,0.0
2026-01-06T20:19:00,catalog,/search,11,0,140.1818181818182,181.5,0.0
2026-01-06T20:20:00,payments,/status,4,0,73.0,77.85,0.0
2026-01-06T20:20:00,payments,/pay,5,1,284.8,375.2,0.2
2026-01-06T20:20:00,checkout,/checkout,9,0,203.0,291.6,0.0
2026-01-06T20:20:00,checkout,/cart,7,0,116.71428571428571,139.9,0.0
2026-01-06T20:20:00,checkout,/cart/add,4,0,131.25,174.6,0.0
2026-01-06T20:20:00,catalog,/search,13,0,141.53846153846155,199.4,0.0
2026-01-06T20:20:00,catalog,/item/{id},1,0,66.0,66.0,0.0
2026-01-06T20:20:00,auth,/verify,12,0,31.666666666666668,48.9,0.0
2026-01-06T20:20:00,auth,/logout,9,0,41.666666666666664,50.0,0.0
2026-01-06T20:20:00,auth,/login,7,0,80.42857142857143,97.0,0.0
2026-01-06T20:20:00,catalog,/items,10,0,71.5,97.3,0.0
2026-01-06T20:21:00,payments,/status,3,0,81.33333333333333,98.7,0.0
2026-01-06T20:21:00,payments,/refund,3,0,220.0,237.5,0.0
2026-01-06T20:21:00,payments,/pay,3,0,299.6666666666667,385.4,0.0
2026-01-06T20:21:00,checkout,/checkout,5,0,229.8,284.2,0.0
2026-01-06T20:21:00,checkout,/cart/add,10,0,114.2,163.2,0.0
2026-01-06T20:21:00,checkout,/cart,4,0,111.5,137.0,0.0
2026-01-06T20:21:00,catalog,/search,11,0,132.72727272727272,194.5,0.0
2026-01-06T20:21:00,catalog,/item/{id},6,0,57.5,76.5,0.0
2026-01-06T20:21:00,auth,/verify,7,0,34.0,49.0,0.0
2026-01-06T20:21:00,auth,/logout,8,0,45.125,58.599999999999994,0.0
2026-01-06T20:21:00,auth,/login,8,0,86.625,97.65,0.0
2026-01-06T20:21:00,catalog,/items,16,0,78.0,114.0,0.0
2026-01-06T20:22:00,payments,/status,4,0,69.5,81.35,0.0
2026-01-06T20:22:00,payments,/refund,5,0,139.6,169.4,0.0
2026-01-06T20:22:00,payments,/pay,4,0,300.75,382.3,0.0
2026-01-06T20:22:00,checkout,/checkout,3,0,221.66666666666666,227.6,0.0
2026-01-06T20:22:00,checkout,/cart/add,5,0,127.8,162.79999999999998,0.0
2026-01-06T20:22:00,checkout,/cart,4,0,115.0,142.6,0.0
2026-01-06T20:22:00,catalog,/search,6,1,156.83333333333334,329.25,0.16666666666666666
2026-01-06T20:22:00,catalog,/item/{id},8,0,58.625,73.3,0.0
2026-01-06T20:22:00,auth,/login,4,0,76.25,85.7,0.0
2026-01-06T20:22:00,catalog,/items,12,0,75.25,107.34999999999998,0.0
2026-01-06T20:22:00,auth,/verify,8,0,34.125,45.65,0.0
2026-01-06T20:22:00,auth,/logout,12,0,47.0,58.45,0.0
2026-01-06T20:23:00,payments,/status,5,1,92.8,123.19999999999999,0.2
2026-01-06T20:23:00,payments,/pay,4,0,204.75,231.2,0.0
2026-01-06T20:23:00,checkout,/checkout,5,0,183.2,266.59999999999997,0.0
2026-01-06T20:23:00,checkout,/cart/add,7,0,103.85714285714286,134.49999999999997,0.0
2026-01-06T20:23:00,checkout,/cart,6,1,105.83333333333333,144.5,0.16666666666666666
2026-01-06T20:23:00,catalog,/item/{id},6,0,57.5,74.0,0.0
2026-01-06T20:23:00,auth,/verify,5,0,38.6,43.0,0.0
2026-01-06T20:23:00,auth,/logout,11,0,45.09090909090909,53.5,0.0
2026-01-06T20:23:00,auth,/login,5,0,78.2,82.4,0.0
2026-01-06T20:23:00,catalog,/items,10,0,74.5,94.79999999999998,0.0
2026-01-06T20:23:00,catalog,/search,12,0,155.83333333333334,194.15,0.0
2026-01-06T20:24:00,checkout,/cart/add,4,0,130.25,172.64999999999998,0.0
2026-01-06T20:24:00,payments,/status,5,0,75.0,88.8,0.0
2026-01-06T20:24:00,payments,/refund,3,0,181.0,195.8,0.0
2026-01-06T20:24:00,payments,/pay,1,0,371.0,371.0,0.0
2026-01-06T20:24:00,checkout,/checkout,2,0,225.0,284.4,0.0
2026-01-06T20:24:00,checkout,/cart,8,0,93.625,147.95,0.0
2026-01-06T20:24:00,catalog,/items,7,0,86.0,111.1,0.0
2026-01-06T20:24:00,catalog,/item/{id},9,0,50.0,61.6,0.0
2026-01-06T20:24:00,auth,/verify,10,0,31.9,45.099999999999994,0.0
2026-01-06T20:24:00,auth,/logout,8,0,38.875,49.0,0.0
2026-01-06T20:24:00,auth,/login,10,0,80.2,98.55,0.0
2026-01-06T20:24:00,catalog,/search,17,0,139.58823529411765,196.4,0.0
2026-01-06T20:25:00,payments,/status,7,0,67.42857142857143,95.6,0.0
2026-01-06T20:25:00,payments,/refund,4,0,155.0,184.75,0.0
2026-01-06T20:25:00,payments,/pay,2,0,318.0,344.1,0.0
2026-01-06T20:25:00,checkout,/checkout,13,0,193.0,283.59999999999997,0.0
2026-01-06T20:25:00,checkout,/cart/add,5,0,139.8,176.6,0.0
2026-01-06T20:25:00,checkout,/cart,6,0,78.83333333333333,133.0,0.0
2026-01-06T20:25:00,catalog,/search,14,1,138.21428571428572,204.25,0.07142857142857142
2026-01-06T20:25:00,catalog,/item/{id},13,0,56.53846153846154,73.8,0.0
2026-01-06T20:25:00,auth,/verify,7,0,35.42857142857143,47.199999999999996,0.0
2026-01-06T20:25:00,auth,/logout,7,0,43.42857142857143,53.8,0.0
2026-01-06T20:25:00,auth,/login,9,0,73.44444444444444,90.8,0.0
2026-01-06T20:25:00,catalog,/items,16,1,92.875,138.75,0.0625
2026-01-06T20:26:00,payments,/status,4,0,81.25,94.64999999999999,0.0
2026-01-06T20:26:00,payments,/refund,7,0,167.71428571428572,216.49999999999997,0.0
2026-01-06T20:26:00,payments,/pay,5,0,263.0,337.4,0.0
2026-01-06T20:26:00,checkout,/checkout,5,0,273.0,293.2,0.0
2026-01-06T20:26:00,checkout,/cart,6,1,134.5,184.5,0.16666666666666666
2026-01-06T20:26:00,checkout,/cart/add,11,0,108.9090909090909,153.0,0.0
2026-01-06T20:26:00,catalog,/items,10,0,80.8,110.1,0.0
2026-01-06T20:26:00,catalog,/item/{id},10,0,59.7,77.0,0.0
2026-01-06T20:26:00,auth,/verify,8,0,41.5,47.65,0.0
2026-01-06T20:26:00,auth,/logout,7,0,44.57142857142857,57.8,0.0
2026-01-06T20:26:00,auth,/login,9,0,69.66666666666667,94.8,0.0
2026-01-06T20:26:00,catalog,/search,19,1,133.6315789473684,188.7,0.05263157894736842
2026-01-06T20:27:00,payments,/status,5,0,67.2,80.6,0.0
2026-01-06T20:27:00,payments,/refund,3,0,139.66666666666666,157.2,0.0
2026-01-06T20:27:00,payments,/pay,2,0,289.0,304.3,0.0
2026-01-06T20:27:00,checkout,/checkout,3,0,221.33333333333334,271.9,0.0
2026-01-06T20:27:00,checkout,/cart/add,8,0,107.625,139.35,0.0
2026-01-06T20:27:00,checkout,/cart,8,1,108.75,146.65,0.125
2026-01-06T20:27:00,catalog,/search,12,0,140.66666666666666,179.6,0.0
2026-01-06T20:27:00,catalog,/items,13,0,75.15384615384616,113.39999999999998,0.0
2026-01-06T20:27:00,catalog,/item/{id},9,0,54.44444444444444,72.4,0.0
2026-01-06T20:27:00,auth,/verify,5,0,36.8,40.8,0.0
2026-01-06T20:27:00,auth,/logout,10,0,37.9,49.0,0.0
2026-01-06T20:27:00,auth,/login,10,0,74.4,94.39999999999999,0.0
2026-01-06T20:28:00,payments,/status,1,0,71.0,71.0,0.0
2026-01-06T20:28:00,payments,/refund,7,0,181.28571428571428,243.2,0.0
2026-01-06T20:28:00,payments,/pay,3,0,310.6666666666667,386.59999999999997,0.0
2026-01-06T20:28:00,checkout,/checkout,8,0,200.875,269.25,0.0
2026-01-06T20:28:00,checkout,/cart/add,5,0,96.2,137.4,0.0
2026-01-06T20:28:00,checkout,/cart,4,0,79.75,110.69999999999999,0.0
2026-01-06T20:28:00,catalog,/search,11,0,121.72727272727273,164.5,0.0
2026-01-06T20:28:00,catalog,/items,7,0,64.57142857142857,83.3,0.0
2026-01-06T20:28:00,catalog,/item/{id},12,0,52.25,77.0,0.0
2026-01-06T20:28:00,auth,/verify,6,1,31.333333333333332,44.0,0.16666666666666666
2026-01-06T20:28:00,auth,/logout,7,0,46.57142857142857,57.8,0.0
2026-01-06T20:28:00,auth,/login,10,0,81.6,95.39999999999999,0.0
2026-01-06T20:29:00,payments,/status,3,0,76.33333333333333,88.8,0.0
2026-01-06T20:29:00,payments,/pay,5,0,214.4,301.2,0.0
2026-01-06T20:29:00,checkout,/checkout,3,0,268.0,282.5,0.0
2026-01-06T20:29:00,checkout,/cart/add,6,0,126.0,150.75,0.0
2026-01-06T20:29:00,checkout,/cart,9,0,96.33333333333333,134.79999999999998,0.0
2026-01-06T20:29:00,catalog,/search,8,0,138.5,173.75,0.0
2026-01-06T20:29:00,catalog,/items,13,0,78.38461538461539,108.0,0.0
2026-01-06T20:29:00,catalog,/item/{id},8,0,59.5,71.6,0.0
2026-01-06T20:29:00,auth,/verify,9,0,35.333333333333336,40.0,0.0
2026-01-06T20:29:00,auth,/logout,6,0,41.0,53.75,0.0
2026-01-06T20:29:00,auth,/login,5,0,67.8,84.6,0.0
2026-01-06T20:30:00,payments,/status,3,0,64.66666666666667,78.7,0.0
2026-01-06T20:30:00,payments,/refund,3,0,152.33333333333334,173.4,0.0
2026-01-06T20:30:00,payments,/pay,2,0,193.5,202.05,0.0
2026-01-06T20:30:00,checkout,/checkout,8,0,206.125,282.85,0.0
2026-01-06T20:30:00,checkout,/cart/add,11,1,122.0909090909091,172.5,0.09090909090909091
2026-01-06T20:30:00,checkout,/cart,3,0,87.0,121.8,0.0
2026-01-06T20:30:00,catalog,/search,8,0,127.625,182.95,0.0
2026-01-06T20:30:00,catalog,/items,16,0,72.6875,106.25,0.0
2026-01-06T20:30:00,catalog,/item/{id},20,0,52.75,69.30000000000001,0.0
2026-01-06T20:30:00,auth,/verify,6,0,29.333333333333332,37.75,0.0
2026-01-06T20:30:00,auth,/logout,10,0,41.1,49.94999999999999,0.0
2026-01-06T20:30:00,auth,/login,8,0,75.5,94.39999999999999,0.0
2026-01-06T20:31:00,payments,/status,3,0,75.0,93.6,0.0
2026-01-06T20:31:00,payments,/refund,2,0,220.5,246.15,0.0
2026-01-06T20:31:00,payments,/pay,3,0,286.0,375.2,0.0
2026-01-06T20:31:00,checkout,/checkout,4,0,163.25,190.0,0.0
2026-01-06T20:31:00,checkout,/cart/add,3,0,116.33333333333333,149.79999999999998,0.0
2026-01-06T20:31:00,checkout,/cart,5,0,91.6,124.39999999999999,0.0
2026-01-06T20:31:00,catalog,/search,6,0,112.66666666666667,150.25,0.0
2026-01-06T20:31:00,catalog,/items,13,0,72.84615384615384,111.0,0.0
2026-01-06T20:31:00,catalog,/item/{id},14,0,48.642857142857146,73.1,0.0
2026-01-06T20:31:00,auth,/verify,10,1,36.3,48.65,0.1
2026-01-06T20:31:00,auth,/logout,5,0,49.0,59.0,0.0
2026-01-06T20:31:00,auth,/login,5,0,75.4,94.0,0.0
2026-01-06T20:32:00,payments,/status,6,0,79.83333333333333,99.0,0.0
2026-01-06T20:32:00,payments,/pay,4,0,285.5,340.84999999999997,0.0
2026-01-06T20:32:00,checkout,/checkout,5,0,208.2,276.4,0.0
2026-01-06T20:32:00,checkout,/cart/add,8,0,102.375,160.3,0.0
2026-01-06T20:32:00,checkout,/cart,7,0,109.42857142857143,142.7,0.0
2026-01-06T20:32:00,catalog,/search,13,0,143.3846153846154,190.79999999999998,0.0
2026-01-06T20:32:00,catalog,/items,14,1,74.0,106.4,0.07142857142857142
2026-01-06T20:32:00,catalog,/item/{id},9,0,60.0,77.6,0.0
2026-01-06T20:32:00,auth,/verify,6,0,26.833333333333332,41.25,0.0
2026-01-06T20:32:00,auth,/logout,8,0,41.625,49.55,0.0
2026-01-06T20:32:00,auth,/login,8,0,77.5,92.95,0.0
2026-01-06T20:33:00,payments,/status,7,0,77.28571428571429,89.89999999999999,0.0
2026-01-06T20:33:00,payments,/pay,4,0,294.75,385.75,0.0
2026-01-06T20:33:00,checkout,/checkout,3,0,113.0,125.0,0.0
2026-01-06T20:33:00,checkout,/cart/add,2,0,107.0,118.7,0.0
2026-01-06T20:33:00,checkout,/cart,2,0,90.0,94.5,0.0
2026-01-06T20:33:00,catalog,/search,16,0,139.1875,191.5,0.0
2026-01-06T20:33:00,catalog,/items,11,0,85.63636363636364,114.0,0.0
2026-01-06T20:33:00,catalog,/item/{id},4,0,55.25,75.0,0.0
2026-01-06T20:33:00,auth,/verify,7,0,37.0,47.4,0.0
2026-01-06T20:33:00,auth,/logout,6,0,50.666666666666664,57.0,0.0
2026-01-06T20:33:00,auth,/login,4,0,77.25,91.0,0.0
2026-01-06T20:34:00,payments,/refund,5,0,162.6,210.6,0.0
2026-01-06T20:34:00,payments,/pay,5,0,258.8,371.8,0.0
2026-01-06T20:34:00,checkout,/checkout,4,0,218.0,291.4,0.0
2026-01-06T20:34:00,payments,/status,2,0,70.5,95.25,0.0
2026-01-06T20:34:00,checkout,/cart/add,4,0,93.5,102.95,0.0
2026-01-06T20:34:00,checkout,/cart,8,0,99.625,136.54999999999998,0.0
2026-01-06T20:34:00,catalog,/item/{id},13,0,49.61538461538461,70.99999999999999,0.0
2026-01-06T20:34:00,catalog,/items,10,0,82.8,110.1,0.0
2026-01-06T20:34:00,auth,/verify,10,0,37.1,45.74999999999999,0.0
2026-01-06T20:34:00,auth,/logout,5,0,40.4,54.4,0.0
2026-01-06T20:34:00,auth,/login,7,0,72.71428571428571,99.4,0.0
2026-01-06T20:34:00,catalog,/search,16,1,136.5,197.0,0.0625
2026-01-06T20:35:00,payments,/status,5,0,53.2,68.6,0.0
2026-01-06T20:35:00,payments,/refund,3,0,215.33333333333334,235.8,0.0
2026-01-06T20:35:00,payments,/pay,1,0,307.0,307.0,0.0
2026-01-06T20:35:00,checkout,/checkout,7,0,205.57142857142858,280.7,0.0
2026-01-06T20:35:00,checkout,/cart/add,6,0,116.33333333333333,169.75,0.0
2026-01-06T20:35:00,checkout,/cart,7,0,94.0,122.7,0.0
2026-01-06T20:35:00,catalog,/search,12,1,137.5,181.6,0.08333333333333333
2026-01-06T20:35:00,catalog,/items,10,0,67.0,86.75,0.0
2026-01-06T20:35:00,catalog,/item/{id},10,0,49.0,65.39999999999999,0.0
2026-01-06T20:35:00,auth,/verify,10,0,31.7,45.099999999999994,0.0
2026-01-06T20:35:00,auth,/logout,10,0,44.7,56.0,0.0
2026-01-06T20:35:00,auth,/login,9,0,66.66666666666667,89.0,0.0
2026-01-06T20:36:00,payments,/status,6,0,62.166666666666664,78.75,0.0
2026-01-06T20:36:00,payments,/refund,4,0,143.75,174.64999999999998,0.0
2026-01-06T20:36:00,payments,/pay,6,0,275.6666666666667,363.25,0.0
2026-01-06T20:36:00,checkout,/checkout,6,0,213.33333333333334,272.75,0.0
2026-01-06T20:36:00,checkout,/cart/add,3,1,165.0,214.6,0.3333333333333333
2026-01-06T20:36:00,checkout,/cart,3,0,67.0,73.9,0.0
2026-01-06T20:36:00,catalog,/items,7,1,80.85714285714286,121.4,0.14285714285714285
2026-01-06T20:36:00,catalog,/item/{id},5,0,52.8,72.39999999999999,0.0
2026-01-06T20:36:00,auth,/verify,6,0,35.0,46.75,0.0
2026-01-06T20:36:00,auth,/logout,8,0,48.375,59.3,0.0
2026-01-06T20:36:00,auth,/login,8,1,84.75,113.94999999999999,0.125
2026-01-06T20:36:00,catalog,/search,11,0,158.27272727272728,187.0,0.0
2026-01-06T20:37:00,catalog,/search,12,0,141.0,196.9,0.0
2026-01-06T20:37:00,payments,/status,4,0,73.5,87.85,0.0
2026-01-06T20:37:00,payments,/refund,2,0,229.0,235.3,0.0
2026-01-06T20:37:00,payments,/pay,3,0,237.0,350.09999999999997,0.0
2026-01-06T20:37:00,checkout,/checkout,3,0,145.33333333333334,169.0,0.0
2026-01-06T20:37:00,checkout,/cart/add,7,0,112.57142857142857,161.0,0.0
2026-01-06T20:37:00,catalog,/item/{id},12,0,47.916666666666664,73.35,0.0
2026-01-06T20:37:00,catalog,/items,16,0,79.0,119.25,0.0
2026-01-06T20:37:00,auth,/verify,9,0,34.333333333333336,45.4,0.0
2026-01-06T20:37:00,auth,/logout,7,0,48.42857142857143,57.3,0.0
2026-01-06T20:37:00,auth,/login,5,0,68.6,85.2,0.0
2026-01-06T20:37:00,checkout,/cart,6,0,90.5,139.5,0.0
2026-01-06T20:38:00,checkout,/checkout,3,0,199.66666666666666,253.9,0.0
2026-01-06T20:38:00,payments,/status,1,0,40.0,40.0,0.0
2026-01-06T20:38:00,checkout,/cart/add,2,0,114.0,141.0,0.0
2026-01-06T20:38:00,payments,/refund,7,0,176.14285714285714,225.09999999999997,0.0
2026-01-06T20:38:00,payments,/pay,4,0,269.25,340.84999999999997,0.0
2026-01-06T20:38:00,checkout,/cart,2,0,99.5,114.35,0.0
2026-01-06T20:38:00,auth,/verify,10,0,34.3,44.74999999999999,0.0
2026-01-06T20:38:00,catalog,/items,11,0,77.0909090909091,104.5,0.0
2026-01-06T20:38:00,catalog,/item/{id},7,0,55.0,72.99999999999999,0.0
2026-01-06T20:38:00,auth,/logout,10,0,43.4,51.65,0.0
2026-01-06T20:38:00,auth,/login,7,0,77.28571428571429,95.19999999999999,0.0
2026-01-06T20:38:00,catalog,/search,12,0,135.5,187.04999999999998,0.0
2026-01-06T20:39:00,payments,/status,7,1,67.71428571428571,82.4,0.14285714285714285
2026-01-06T20:39:00,payments,/refund,4,1,160.5,202.04999999999998,0.25
2026-01-06T20:39:00,payments,/pay,4,0,290.75,353.35,0.0
2026-01-06T20:39:00,checkout,/checkout,10,0,177.9,248.1,0.0
2026-01-06T20:39:00,checkout,/cart/add,7,0,108.85714285714286,153.39999999999998,0.0
2026-01-06T20:39:00,checkout,/cart,7,0,96.0,117.6,0.0
2026-01-06T20:39:00,catalog,/items,10,0,82.8,117.3,0.0
2026-01-06T20:39:00,catalog,/item/{id},10,0,59.9,77.75,0.0
2026-01-06T20:39:00,auth,/verify,5,0,35.4,43.8,0.0
2026-01-06T20:39:00,auth,/logout,9,0,42.22222222222222,50.6,0.0
2026-01-06T20:39:00,auth,/login,4,0,74.5,85.4,0.0
2026-01-06T20:39:00,catalog,/search,11,0,131.45454545454547,175.0,0.0
2026-01-06T20:40:00,checkout,/cart/add,5,0,132.8,153.6,0.0
2026-01-06T20:40:00,payments,/refund,5,1,171.0,215.4,0.2
2026-01-06T20:40:00,payments,/pay,5,0,250.2,308.8,0.0
2026-01-06T20:40:00,payments,/status,7,0,58.714285714285715,89.69999999999997,0.0
2026-01-06T20:40:00,checkout,/checkout,3,0,247.66666666666666,263.7,0.0
2026-01-06T20:40:00,checkout,/cart,5,0,78.8,94.6,0.0
2026-01-06T20:40:00,auth,/verify,8,0,32.5,46.55,0.0
2026-01-06T20:40:00,catalog,/items,16,0,68.125,94.5,0.0
2026-01-06T20:40:00,catalog,/item/{id},10,0,63.1,78.55,0.0
2026-01-06T20:40:00,auth,/logout,8,0,46.75,57.949999999999996,0.0
2026-01-06T20:40:00,auth,/login,4,0,74.0,95.69999999999999,0.0
2026-01-06T20:40:00,catalog,/search,15,0,157.0,191.9,0.0
2026-01-06T20:41:00,payments,/refund,7,0,181.85714285714286,232.39999999999998,0.0
2026-01-06T20:41:00,auth,/login,11,0,78.36363636363636,98.5,0.0
2026-01-06T20:41:00,auth,/logout,9,0,40.55555555555556,49.6,0.0
2026-01-06T20:41:00,auth,/verify,7,1,35.285714285714285,43.8,0.14285714285714285
2026-01-06T20:41:00,catalog,/item/{id},9,0,52.22222222222222,67.6,0.0
2026-01-06T20:41:00,catalog,/items,5,0,83.6,102.39999999999999,0.0
2026-01-06T20:41:00,catalog,/search,9,0,145.0,186.0,0.0
2026-01-06T20:41:00,checkout,/cart,6,0,121.0,149.75,0.0
2026-01-06T20:41:00,checkout,/cart/add,6,1,151.5,168.75,0.16666666666666666
2026-01-06T20:41:00,checkout,/checkout,5,0,201.8,268.4,0.0
2026-01-06T20:41:00,payments,/status,6,0,63.333333333333336,77.0,0.0
